DISCIPLINA;ÁREA DO CONHECIMENTO;ÁREA FUNCIONAL DEFINIDA
Ética, Ciência e Profissão;Psicologia e Desenvolvimento Pessoal;Desenvolvimento Pessoal e Profissional
Ética Profissional e Compliance;Direito;Exercício Profissional e Pesquisa em Direito
Ética e Serviço Social;Saúde e Bem-Estar Social;Serviço Social e Orientação
Etica e Responsabilidade Socioambiental;Administração e Negócios;Interdisciplinar com foco em Administração e Negócios
Voleibol;Saúde e Bem-Estar Social;Especialidades da Educação Física
Vigilância Epidemiológica;Saúde e Bem-Estar Social;Epidemiologia e Saúde Pública
Tópicos Especiais em Radiologia;Saúde e Bem-Estar Social;Tecnologias de Diagnóstico e Tratamento Médico
Tópicos especiais em farmácia;Saúde e Bem-Estar Social;Ciências Farmacêuticas
Tópicos Especiais de Engenharia Elétrica;Engenharia, Produção e Construção;Engenharia Elétrica e de Energia
Tópicos Especiais de Engenharia Civil;Engenharia, Produção e Construção;Engenharia Civil e Construções
Tópicos Emergentes em Psicologia III;Psicologia e Desenvolvimento Pessoal;Ciências da Psicologia
Tópicos Emergentes em Psicologia II;Psicologia e Desenvolvimento Pessoal;Ciências da Psicologia
Tópicos Emergentes em Psicologia I;Psicologia e Desenvolvimento Pessoal;Ciências da Psicologia
Tópicos em Sistemas de Informação;Matemática, Computação e Tecnologias de Informação e Comunicacão;Interdisciplinar com foco em Matemática, Computação e TICs
Tópicos em Saúde e Biossegurança;Saúde e Bem-Estar Social;Ciências Médicas e da Saúde
Tópicos em Gestão Financeira;Administração e Negócios;Finanças, Bancos e Seguros
Tópicos Educacionais- Sexualidade e Diversidade de Gêneros;Educação;Interdisciplinar com foco em Educação
Tópicos Educacionais- História e Cultura Africana e Indígena;Educação;Interdisciplinar com foco em Educação
Tópicos de Serviço Social;Saúde e Bem-Estar Social;Serviço Social e Orientação
Tópicos de Matemática;Matemática, Computação e Tecnologias de Informação e Comunicacão;Matemática Aplicada e Computacional
Tópicos de Marketing;Administração e Negócios;Marketing
Tópicos de Logística e de Transporte;Administração e Negócios;Logística
Tópicos de Direito;Direito;Direito Administrativo
Tópicos da Radiologia;Saúde e Bem-Estar Social;Tecnologias de Diagnóstico e Tratamento Médico
Tópicos Avançados em Recursos Humanos;Administração e Negócios;Gestão de Pessoas e Departamento de Pessoal
Tópicos Avançados em Psicologia;Psicologia e Desenvolvimento Pessoal;Ciências da Psicologia
Tópicos Avançados em Marketing;Administração e Negócios;Marketing
Tópicos Avançados em Logística;Administração e Negócios;Logística
Tópicos Avançados em Gestão da TI;Administração e Negócios;Interdisciplinar com foco em Administração e Negócios
Tópicos Avançados em Finanças;Administração e Negócios;Finanças, Bancos e Seguros
Tópicos Avançados em Engenharia de Manutenção;Engenharia, Produção e Construção;Interdisciplinar com foco em Engenharia, Produção e Construção
Tópicos Avançados em Enfermagem;Saúde e Bem-Estar Social;Ciências da Enfermagem
Tópicos Avançados em Educação Física;Saúde e Bem-Estar Social;Especialidades da Educação Física
Tópicos Avançados em Direito;Direito;Exercício Profissional e Pesquisa em Direito
Tópicos Avançados em Ciências Contábeis;Administração e Negócios;Contabilidade e Tributação
Tópicos Avançados em Biomedicina;Saúde e Bem-Estar Social;Ciências Médicas e da Saúde
Tópicos Avançados em Arquitetura e Urbanismo;Engenharia, Produção e Construção;Arquitetura e urbanismo
Tópicos Avançados em Análise e Desenvolvimento de Sistemas;Matemática, Computação e Tecnologias de Informação e Comunicacão;Ciências e Engenharia da Computação
Tópicos Avançados em Administração;Administração e Negócios;Ciências da Administração
Tópicos Avançados de Engenharia de Produção;Engenharia, Produção e Construção;Engenharia de Produção e Processos de Fabricação
Tópicos Avançados de Engenharia de Computação;Matemática, Computação e Tecnologias de Informação e Comunicacão;Ciências e Engenharia da Computação
Tópicos Avançados de Administração;Administração e Negócios;Ciências da Administração
Tópicos Avançados Aplicados à Pedagogia;Educação;Ciências da Educação, Didática e Pedagogia
Tópicos aplicados à Educação Física;Saúde e Bem-Estar Social;Especialidades da Educação Física
Técnicas do Exame Psicológico;Psicologia e Desenvolvimento Pessoal;Metodologias e Técnicas em Psicologia
Técnicas de Observação Psicológica;Psicologia e Desenvolvimento Pessoal;Metodologias e Técnicas em Psicologia
Técnicas de Construção Civil e Legislação das Construções;Engenharia, Produção e Construção;Engenharia Civil e Construções
Técnicas de Construção Civil;Engenharia, Produção e Construção;Engenharia Civil e Construções
Tutela Provisória e Recursos Cíveis;Direito;Direito Civil
Tutela do Direito do Trabalho e Previdenciário;Direito;Direito do Trabalho e Legislação Trabalhista
Treinamento Personalizado;Saúde e Bem-Estar Social;Especialidades da Educação Física
Treinamento e Desenvolvimento Profissional;Administração e Negócios;Gestão de Pessoas e Departamento de Pessoal
Transmissão e Distribuição de Energia;Engenharia, Produção e Construção;Engenharia Elétrica e de Energia
Trabalho Final de Graduação;Engenharia, Produção e Construção;Interdisciplinar com foco em Engenharia, Produção e Construção
Trabalho e Sociabilidade;Ciências Sociais, Jornalismo e Informação;Sociologia
Trabalho de Curso III;Direito;Interdisciplinar com foco em Direito
Trabalho de Curso II;Direito;Interdisciplinar com foco em Direito
Trabalho de Curso I;Direito;Interdisciplinar com foco em Direito
Trabalho de conclusão de curso II em Psicologia;Psicologia e Desenvolvimento Pessoal;Interdisciplinar com foco em Psicologia e Desenvolvimento Pessoal
Trabalho de Conclusão de Curso II - Biomedicina;Saúde e Bem-Estar Social;Interdisciplinar com foco em Saúde e Bem-Estar Social
Trabalho de Conclusão de Curso II;Administração e Negócios;Interdisciplinar com foco em Administração e Negócios
Trabalho de Conclusão de Curso II;Administração e Negócios;Interdisciplinar com foco em Administração e Negócios
Trabalho de Conclusão de Curso II;Engenharia, Produção e Construção;Interdisciplinar com foco em Engenharia, Produção e Construção
Trabalho de Conclusão de Curso II;Engenharia, Produção e Construção;Interdisciplinar com foco em Engenharia, Produção e Construção
Trabalho de Conclusão de Curso II;Engenharia, Produção e Construção;Interdisciplinar com foco em Engenharia, Produção e Construção
Trabalho de Conclusão de Curso II;Matemática, Computação e Tecnologias de Informação e Comunicacão;Interdisciplinar com foco em Matemática, Computação e TICs
Trabalho de Conclusão de Curso II;Saúde e Bem-Estar Social;Interdisciplinar com foco em Saúde e Bem-Estar Social
Trabalho de Conclusão de Curso II;Saúde e Bem-Estar Social;Interdisciplinar com foco em Saúde e Bem-Estar Social
Trabalho de Conclusão de Curso II;Saúde e Bem-Estar Social;Interdisciplinar com foco em Saúde e Bem-Estar Social
Trabalho de Conclusão de Curso II;Saúde e Bem-Estar Social;Interdisciplinar com foco em Saúde e Bem-Estar Social
Trabalho de Conclusão de Curso II;Saúde e Bem-Estar Social;Interdisciplinar com foco em Saúde e Bem-Estar Social
Trabalho de Conclusão de Curso II;Educação;Interdisciplinar com foco em Educação
Trabalho de conclusão de curso I em Psicologia;Psicologia e Desenvolvimento Pessoal;Interdisciplinar com foco em Psicologia e Desenvolvimento Pessoal
Trabalho de Conclusão de Curso I - Biomedicina;Saúde e Bem-Estar Social;Interdisciplinar com foco em Saúde e Bem-Estar Social
Trabalho de Conclusão de Curso I;Administração e Negócios;Interdisciplinar com foco em Administração e Negócios
Trabalho de Conclusão de Curso I;Administração e Negócios;Interdisciplinar com foco em Administração e Negócios
Trabalho de Conclusão de Curso I;Engenharia, Produção e Construção;Interdisciplinar com foco em Engenharia, Produção e Construção
Trabalho de Conclusão de Curso I;Engenharia, Produção e Construção;Interdisciplinar com foco em Engenharia, Produção e Construção
Trabalho de Conclusão de Curso I;Engenharia, Produção e Construção;Interdisciplinar com foco em Engenharia, Produção e Construção
Trabalho de Conclusão de Curso I;Matemática, Computação e Tecnologias de Informação e Comunicacão;Interdisciplinar com foco em Matemática, Computação e TICs
Trabalho de Conclusão de Curso I;Saúde e Bem-Estar Social;Interdisciplinar com foco em Saúde e Bem-Estar Social
Trabalho de Conclusão de Curso I;Saúde e Bem-Estar Social;Interdisciplinar com foco em Saúde e Bem-Estar Social
Trabalho de Conclusão de Curso I;Saúde e Bem-Estar Social;Interdisciplinar com foco em Saúde e Bem-Estar Social
Trabalho de Conclusão de Curso I;Saúde e Bem-Estar Social;Interdisciplinar com foco em Saúde e Bem-Estar Social
Trabalho de Conclusão de Curso I;Saúde e Bem-Estar Social;Interdisciplinar com foco em Saúde e Bem-Estar Social
Trabalho de Conclusão de Curso I;Educação;Interdisciplinar com foco em Educação
Toxicologia e Análises Toxicológicas;Saúde e Bem-Estar Social;Análises Clínicas e Toxicológicas
Topografia;Engenharia, Produção e Construção;Engenharia Civil e Construções
TI na Gestão de Negócios e Comércio Eletrônico;Administração e Negócios;Interdisciplinar com foco em Administração e Negócios
Termodinâmica;Ciências Naturais;Ciências Físicas
Teorias e Técnicas Psicoterápicas Psicodinâmicas;Psicologia e Desenvolvimento Pessoal;Teorias e Abordagens Psicoterapêuticas
Teorias da Educação e Currículo;Educação;Políticas, Currículos e Programas Educacionais
Teorias da Administração;Administração e Negócios;Ciências da Administração
Teoria Política;Ciências Sociais, Jornalismo e Informação;Ciências Políticas e Direitos Humanos
Teoria Geral do Processo;Direito;Estudos de Direito, Justiça Criminal e Estudos para-legais
Teoria Geral do Crime;Direito;Estudos de Direito, Justiça Criminal e Estudos para-legais
Teoria Geral das Obrigações;Direito;Estudos de Direito, Justiça Criminal e Estudos para-legais
Teoria Econômica;Ciências Sociais, Jornalismo e Informação;Ciências Econômicas
Teoria do Urbanismo;Engenharia, Produção e Construção;Arquitetura e urbanismo
Teoria das Estruturas;Engenharia, Produção e Construção;Engenharia Civil e Construções
Teoria da Empresa;Administração e Negócios;Ciências da Administração
Teoria da Contabilidade;Administração e Negócios;Contabilidade e Tributação
Teoria da Constituição;Direito;Direito Constitucional
Tendências Contemporâneas do Serviço Social III;Saúde e Bem-Estar Social;Serviço Social e Orientação
Tendências Contemporâneas do Serviço Social II;Saúde e Bem-Estar Social;Serviço Social e Orientação
Tendências Contemporâneas do Serviço Social I;Saúde e Bem-Estar Social;Serviço Social e Orientação
Tecnologias Web;Matemática, Computação e Tecnologias de Informação e Comunicacão;Interdisciplinar com foco em Matemática, Computação e TICs
Tecnologias da Informação e Comunicação Educacionais;Matemática, Computação e Tecnologias de Informação e Comunicacão;Interdisciplinar com foco em Matemática, Computação e TICs
Tecnologia em Tomografia Computadorizada;Saúde e Bem-Estar Social;Tecnologias de Diagnóstico e Tratamento Médico
Tecnologia em Ressonância Magnética;Saúde e Bem-Estar Social;Tecnologias de Diagnóstico e Tratamento Médico
Tecnologia em Medicina Nuclear;Saúde e Bem-Estar Social;Tecnologias de Diagnóstico e Tratamento Médico
Tecnologia em Hemodinâmica e Radiologia Digital;Saúde e Bem-Estar Social;Tecnologias de Diagnóstico e Tratamento Médico
Tecnologia dos Materiais Elétricos;Engenharia, Produção e Construção;Engenharia Elétrica e de Energia
Tecnologia da Imagem  Crânio, Coluna Vertebral e Tronco;Saúde e Bem-Estar Social;Tecnologias de Diagnóstico e Tratamento Médico
Tecnologia da imagem  Contrastados;Saúde e Bem-Estar Social;Tecnologias de Diagnóstico e Tratamento Médico
Tecnologia da Imagem - Membros Superiores e Inferiores;Saúde e Bem-Estar Social;Tecnologias de Diagnóstico e Tratamento Médico
Supervisão Acadêmica III;Saúde e Bem-Estar Social;Interdisciplinar com foco em Saúde e Bem-Estar Social
Supervisão Acadêmica II;Saúde e Bem-Estar Social;Interdisciplinar com foco em Saúde e Bem-Estar Social
Supervisão Acadêmica I;Saúde e Bem-Estar Social;Interdisciplinar com foco em Saúde e Bem-Estar Social
Sociedades Empresariais;Administração e Negócios;Ciências da Administração
Sistemas Operacionais;Matemática, Computação e Tecnologias de Informação e Comunicacão;Ciências e Engenharia da Computação
Sistemas Elétricos de Potência;Engenharia, Produção e Construção;Engenharia Elétrica e de Energia
Sistemas Digitais Programáveis;Engenharia, Produção e Construção;Engenharia Elétrica e de Energia
Sistemas de Informação, Marketing Digital e Inteligência de Mercado;Administração e Negócios;Interdisciplinar com foco em Administração e Negócios
Sistemas de Informação Gerencial;Administração e Negócios;Ciências da Administração
Sistemas de Informação;Administração e Negócios;Ciências da Administração
Sistemas Computacionais em Radiologia;Saúde e Bem-Estar Social;Tecnologias de Diagnóstico e Tratamento Médico
Sistemas Computacionais Distribuídos;Matemática, Computação e Tecnologias de Informação e Comunicacão;Redes de Computadores
Sinais e Sistemas;Engenharia, Produção e Construção;Engenharia Elétrica e de Energia
Serviço Social, Raça e Etnia;Saúde e Bem-Estar Social;Serviço Social e Orientação
Serviço Social, Gênero e Diversidade Sexual;Saúde e Bem-Estar Social;Serviço Social e Orientação
Serviço Social, Classes e Movimentos Sociais;Saúde e Bem-Estar Social;Serviço Social e Orientação
Serviço Social e Saúde;Saúde e Bem-Estar Social;Serviço Social e Orientação
Serviço Social e Processo de Envelhecimento;Saúde e Bem-Estar Social;Serviço Social e Orientação
Serviço Social e Habitação;Saúde e Bem-Estar Social;Serviço Social e Orientação
Serviço Social e Assistência Social;Saúde e Bem-Estar Social;Serviço Social e Orientação
Serviço Social , Famílias, Crianças e Adolescentes;Saúde e Bem-Estar Social;Serviço Social e Orientação
Seminários Temáticos em Psicologia II;Psicologia e Desenvolvimento Pessoal;Ciências da Psicologia
Seminários Temáticos em Psicologia I;Psicologia e Desenvolvimento Pessoal;Ciências da Psicologia
Seminários Temáticos da Ênfase II - Psicologia;Psicologia e Desenvolvimento Pessoal;Ciências da Psicologia
Seminários Temáticos da Ênfase I - Psicologia;Psicologia e Desenvolvimento Pessoal;Ciências da Psicologia
Seguridade Social no Brasil;Ciências Sociais, Jornalismo e Informação;Ciências Políticas e Direitos Humanos
Segurança da Informação;Matemática, Computação e Tecnologias de Informação e Comunicacão;Ciências e Engenharia da Computação
Saúde, Segurança e Qualidade de Vida no Trabalho;Administração e Negócios;Gestão de Pessoas e Departamento de Pessoal
Saúde Pública e Epidemiologia;Saúde e Bem-Estar Social;Epidemiologia e Saúde Pública
Retórica do Discurso;Direito;Interdisciplinar com foco em Direito
Resistência dos Materiais;Engenharia, Produção e Construção;Engenharia e Ciência de Materiais
Reprodução Assistida;Saúde e Bem-Estar Social;Ciências Médicas e da Saúde
Redes de Computadores e Internet;Matemática, Computação e Tecnologias de Informação e Comunicacão;Redes de Computadores
Recurso e Execução Penal;Direito;Direito Penal
Radioterapia;Saúde e Bem-Estar Social;Tecnologias de Diagnóstico e Tratamento Médico
Radioproteção;Saúde e Bem-Estar Social;Exercício Profissional e Pesquisa em Saúde e Bem-Estar Social
Radiologia Odontológica e Veterinária;Saúde e Bem-Estar Social;Interdisciplinar com foco em Saúde e Bem-Estar Social
Radiologia Industrial;Engenharia, Produção e Construção;Engenharia Nuclear
Química orgânica experimental;Ciências Naturais;Ciências Químicas
Química Orgânica;Ciências Naturais;Ciências Químicas
Química Geral e Inorgânica;Ciências Naturais;Ciências Químicas
Química Geral e Experimental;Ciências Naturais;Ciências Químicas
Química Farmacêutica e planejamento de fármacos;Saúde e Bem-Estar Social;Ciências Farmacêuticas
Química Farmacêutica;Saúde e Bem-Estar Social;Ciências Farmacêuticas
Química analítica quantitativa;Ciências Naturais;Ciências Químicas
Química analítica qualitativa;Ciências Naturais;Ciências Químicas
Questão Social e Serviço Social;Saúde e Bem-Estar Social;Serviço Social e Orientação
Qualidade de Software;Matemática, Computação e Tecnologias de Informação e Comunicacão;Ciências e Engenharia da Computação
Publicidade, Propaganda e Promoção;Administração e Negócios;Marketing
Psicossomática;Psicologia e Desenvolvimento Pessoal;Ciências da Psicologia
Psicopatologia da Infância e da Adolescência e Psicoterapia Comportamental;Psicologia e Desenvolvimento Pessoal;Teorias e Abordagens Psicoterapêuticas
Psicomotricidade;Psicologia e Desenvolvimento Pessoal;Ciências da Psicologia
Psicologia Social;Psicologia e Desenvolvimento Pessoal;Ciências da Psicologia
Psicologia Jurídica e Processos Grupais;Psicologia e Desenvolvimento Pessoal;Ciências da Psicologia
Psicologia Hospitalar;Psicologia e Desenvolvimento Pessoal;Ciências da Psicologia
Psicologia Geral: Processos Psicológicos;Psicologia e Desenvolvimento Pessoal;Ciências da Psicologia
Psicologia e Comportamento Organizacional;Psicologia e Desenvolvimento Pessoal;Psicologia Institucional e do Trabalho
Psicologia do Trabalho;Psicologia e Desenvolvimento Pessoal;Psicologia Institucional e do Trabalho
Psicologia do Desenvolvimento: Vida Adulta e Velhice;Psicologia e Desenvolvimento Pessoal;Psicologia Escolar e do Desenvolvimento
Psicologia do Desenvolvimento: Infância;Psicologia e Desenvolvimento Pessoal;Psicologia Escolar e do Desenvolvimento
Psicologia do Desenvolvimento: Adolescência;Psicologia e Desenvolvimento Pessoal;Psicologia Escolar e do Desenvolvimento
Psicologia do Desenvolvimento e da Aprendizagem;Psicologia e Desenvolvimento Pessoal;Psicologia Escolar e do Desenvolvimento
Psicologia da Educação;Psicologia e Desenvolvimento Pessoal;Psicologia Escolar e do Desenvolvimento
Psicologia Comportamental;Psicologia e Desenvolvimento Pessoal;Teorias e Abordagens Psicoterapêuticas
Psicologia;Psicologia e Desenvolvimento Pessoal;Ciências da Psicologia
Psicodiagnóstico e atendimento psicológico de crianças e adolescentes- Ênfase PPS;Psicologia e Desenvolvimento Pessoal;Metodologias e Técnicas em Psicologia
Psicodiagnóstico e Atendimento Psicológico de Crianças e Adolescentes- Enfase PPE;Psicologia e Desenvolvimento Pessoal;Metodologias e Técnicas em Psicologia
Psicanálise: Primeira e Segunda Tópica;Psicologia e Desenvolvimento Pessoal;Teorias e Abordagens Psicoterapêuticas
Psicanálise Desdobramentos da Teoria Freudiana;Psicologia e Desenvolvimento Pessoal;Teorias e Abordagens Psicoterapêuticas
Psicanálise Contemporânea;Psicologia e Desenvolvimento Pessoal;Teorias e Abordagens Psicoterapêuticas
Práticas Pedagógicas:Tecnologias;Educação;Tecnologias aplicadas à Educação
Práticas Pedagógicas: Responsabilidade Socioambiental;Educação;Ciências da Educação, Didática e Pedagogia
Práticas Pedagógicas: Inclusão;Educação;Educação Especial - aspectos teóricos e práticos
Práticas Pedagógicas: Globalização;Educação;Ciências da Educação, Didática e Pedagogia
Práticas Pedagógicas: Diversidade;Educação;Ciências da Educação, Didática e Pedagogia
Práticas Educativas e inclusivas;Educação;Educação Especial - aspectos teóricos e práticos
Práticas e Técnicas de Admissão, Recrutamento e Seleção;Administração e Negócios;Gestão de Pessoas e Departamento de Pessoal
Práticas Biomédicas em Estética;Saúde e Bem-Estar Social;Estética e Cosmética
Prática de Direito Público;Direito;Direito Público
Prática de Direito Privado;Direito;Direito Privado
Prática Contábil Fiscal;Administração e Negócios;Contabilidade e Tributação
Provas e Procedimentos Penais;Direito;Direito Penal
Projetos Elétricos Prediais;Engenharia, Produção e Construção;Engenharia Elétrica e de Energia
Projetos de Instalações Hidráulicas e Saneamento;Engenharia, Produção e Construção;Engenharia Civil e Construções
Projeto Luminotécnico;Engenharia, Produção e Construção;Conforto Ambiental
Projeto Integrador: Serviço Social, Famílias, Crianças e Adolescentes;Saúde e Bem-Estar Social;Interdisciplinar com foco em Saúde e Bem-Estar Social
Projeto Integrador Orientado:  Serviço Social e Habitação;Saúde e Bem-Estar Social;Epidemiologia e Saúde Pública
Projeto Integrador Orientado: Workshop em Recursos Humanos;Administração e Negócios;Gestão de Pessoas e Departamento de Pessoal
Projeto Integrador Orientado: Técnicas de Pesquisa de Mercado e Perfis;Administração e Negócios;Interdisciplinar com foco em Administração e Negócios
Projeto Integrador Orientado: Técnicas de Pesquisa de Mercado e Logística;Administração e Negócios;Interdisciplinar com foco em Administração e Negócios
Projeto Integrador Orientado: Técnicas de pesquisa de mercado e investimento;Administração e Negócios;Interdisciplinar com foco em Administração e Negócios
Projeto Integrador Orientado: Tribunal do Júri;Direito;Estudos de Direito, Justiça Criminal e Estudos para-legais
Projeto Integrador Orientado: Teoria e Clínica da Abordagem Fenomenológica e Humanista;Psicologia e Desenvolvimento Pessoal;Teorias e Abordagens Psicoterapêuticas
Projeto Integrador Orientado: Tecnologias;Saúde e Bem-Estar Social;Interdisciplinar com foco em Saúde e Bem-Estar Social
Projeto Integrador Orientado: Símbolos do Direito;Direito;Interdisciplinar com foco em Direito
Projeto Integrador Orientado: Startup em saúde;Saúde e Bem-Estar Social;Interdisciplinar com foco em Saúde e Bem-Estar Social
Projeto Integrador Orientado: Serviço Social, Raça e Etnia;Saúde e Bem-Estar Social;Interdisciplinar com foco em Saúde e Bem-Estar Social
Projeto Integrador Orientado: Serviço Social, Classes e Movimentos Sociais;Saúde e Bem-Estar Social;Interdisciplinar com foco em Saúde e Bem-Estar Social
Projeto Integrador Orientado: Serviço Social e Assistência Social;Saúde e Bem-Estar Social;Serviço Social e Orientação
Projeto Integrador Orientado: Reforma Psiquiátrica - A problemática da Loucura na Sociedade Contemporânea;Saúde e Bem-Estar Social;Saúde Mental
Projeto Integrador Orientado: Raciocínio Clínico;Saúde e Bem-Estar Social;Ciências Médicas e da Saúde
Projeto Integrador Orientado: Psicologia, Ciência e Profissão;Psicologia e Desenvolvimento Pessoal;Interdisciplinar com foco em Psicologia e Desenvolvimento Pessoal
Projeto Integrador Orientado: Projeto de sustentabilidade empresarial;Administração e Negócios;Interdisciplinar com foco em Administração e Negócios
Projeto Integrador Orientado: Princípios e Aplicação do Desenvolvimento Socioemocional no Sujeito;Psicologia e Desenvolvimento Pessoal;Interdisciplinar com foco em Psicologia e Desenvolvimento Pessoal
Projeto Integrador Orientado: Políticas Públicas de Saúde;Saúde e Bem-Estar Social;Epidemiologia e Saúde Pública
Projeto Integrador Orientado: Metodologia da Pesquisa Científica;Administração e Negócios;Interdisciplinar com foco em Administração e Negócios
Projeto integrador orientado: Intervenções Sociais e em Políticas Públicas do Profissional da Psicologia;Psicologia e Desenvolvimento Pessoal;Interdisciplinar com foco em Psicologia e Desenvolvimento Pessoal
Projeto integrador orientado: Inovações em saúde;Saúde e Bem-Estar Social;Tecnologias de Diagnóstico e Tratamento Médico
Projeto Integrador Orientado: Inovações biomédicas;Saúde e Bem-Estar Social;Tecnologias de Diagnóstico e Tratamento Médico
Projeto Integrador Orientado: Infraestrustura de TI;Matemática, Computação e Tecnologias de Informação e Comunicacão;Ciências e Engenharia da Computação
Projeto Integrador Orientado: Globalização;Administração e Negócios;Interdisciplinar com foco em Administração e Negócios
Projeto Integrador Orientado: Gestão da Qualidade;Administração e Negócios;Gestão da Produção e da Qualidade
Projeto Integrador Orientado: Empreendedorismo Digital e Novos Negócios;Administração e Negócios;Empreendedorismo e Gestão da Inovação
Projeto Integrador Orientado: Doenças infectocontagiosas;Saúde e Bem-Estar Social;Ciências Médicas e da Saúde
Projeto Integrador Orientado: Doenças crônicas não transmissíveis;Saúde e Bem-Estar Social;Ciências Médicas e da Saúde
Projeto Integrador Orientado: Diversidade;Saúde e Bem-Estar Social;Interdisciplinar com foco em Saúde e Bem-Estar Social
Projeto Integrador Orientado: Desenvolvimento Lógico;Matemática, Computação e Tecnologias de Informação e Comunicacão;Ciências e Engenharia da Computação
Projeto Integrador Orientado: Cálculo de Medicação;Saúde e Bem-Estar Social;Ciências Farmacêuticas
Projeto Integrador Orientado: Cultura e Contemporaneidade;Administração e Negócios;Interdisciplinar com foco em Administração e Negócios
Projeto Integrador Orientado: Contrato Social;Direito;Interdisciplinar com foco em Direito
Projeto Integrador Orientado: Comunicação e Expressão;Direito;Interdisciplinar com foco em Direito
Projeto Integrador Orientado: Bioética;Saúde e Bem-Estar Social;Interdisciplinar com foco em Saúde e Bem-Estar Social
Projeto Integrador Orientado: Biodireito;Saúde e Bem-Estar Social;Interdisciplinar com foco em Saúde e Bem-Estar Social
Projeto Integrador Orientado: Aspectos Psicopatológicos da Formação do Sujeito;Psicologia e Desenvolvimento Pessoal;Interdisciplinar com foco em Psicologia e Desenvolvimento Pessoal
Projeto Integrador Orientado: Aplicações Web Front-end;Matemática, Computação e Tecnologias de Informação e Comunicacão;Ciências e Engenharia da Computação
Projeto Integrador Orientado: Aplicações Web Back-end;Matemática, Computação e Tecnologias de Informação e Comunicacão;Ciências e Engenharia da Computação
Projeto Integrador Orientado: Aplicações Mobile;Matemática, Computação e Tecnologias de Informação e Comunicacão;Ciências e Engenharia da Computação
Projeto Integrador Orientado- Serviço Social e Saúde;Saúde e Bem-Estar Social;Epidemiologia e Saúde Pública
Projeto Integrador Orientado- Design de Produto;Engenharia, Produção e Construção;Interdisciplinar com foco em Engenharia, Produção e Construção
Projeto Integrador Orientado - Design de Mobiliário;Engenharia, Produção e Construção;Projeto Arquitetônico
Projeto Integrador - Sustentabilidade na Engenharia;Engenharia, Produção e Construção;Interdisciplinar com foco em Engenharia, Produção e Construção
Projeto Integrador - Projetos Elétricos;Engenharia, Produção e Construção;Interdisciplinar com foco em Engenharia, Produção e Construção
Projeto Integrador - Projetos e Protótipos em 2D e 3D;Engenharia, Produção e Construção;Interdisciplinar com foco em Engenharia, Produção e Construção
Projeto Integrador - Projeto em Engenharia de Produção II;Engenharia, Produção e Construção;Engenharia de Produção e Processos de Fabricação
Projeto Integrador - Projeto em Engenharia de Produção I;Engenharia, Produção e Construção;Engenharia de Produção e Processos de Fabricação
Projeto Integrador - Projeto em Engenharia de Computação II;Matemática, Computação e Tecnologias de Informação e Comunicacão;Ciências e Engenharia da Computação
Projeto Integrador - Projeto em Engenharia de Computação I;Matemática, Computação e Tecnologias de Informação e Comunicacão;Ciências e Engenharia da Computação
Projeto Integrador - Projeto de Engenharia Elétrica II;Engenharia, Produção e Construção;Engenharia Elétrica e de Energia
Projeto Integrador - Projeto de Engenharia Elétrica I;Engenharia, Produção e Construção;Engenharia Elétrica e de Energia
Projeto Integrador - A Química na Engenharia;Engenharia, Produção e Construção;Engenharia Química e de Processos
Projeto e Desenvolvimento de Produtos;Engenharia, Produção e Construção;Engenharia de Produção e Processos de Fabricação
Projeto de Urbanismo;Engenharia, Produção e Construção;Arquitetura e urbanismo
Projeto de Instalações Elétricas;Engenharia, Produção e Construção;Engenharia Elétrica e de Energia
Projeto de Fábrica;Engenharia, Produção e Construção;Engenharia de Produção e Processos de Fabricação
Projeto de Arquitetura e Urbanismo - Conjunto;Engenharia, Produção e Construção;Arquitetura e urbanismo
Projeto de Arquitetura e Urbanismo - Complexo;Engenharia, Produção e Construção;Arquitetura e urbanismo
Projeto de Arquitetura - Módulo;Engenharia, Produção e Construção;Projeto Arquitetônico
Projeto de Arquitetura - Equipamento;Engenharia, Produção e Construção;Projeto Arquitetônico
Projeto de Arquitetura - Edifício;Engenharia, Produção e Construção;Projeto Arquitetônico
Projeto de Arquitetura - Edificação;Engenharia, Produção e Construção;Projeto Arquitetônico
Projeto de Arquitetura - Complexo;Engenharia, Produção e Construção;Projeto Arquitetônico
Programação Web;Matemática, Computação e Tecnologias de Informação e Comunicacão;Linguagens de Programação
Programação para Dispositivos Móveis II;Matemática, Computação e Tecnologias de Informação e Comunicacão;Linguagens de Programação
Programação para Dispositivos Móveis I;Matemática, Computação e Tecnologias de Informação e Comunicacão;Linguagens de Programação
Programação Orientada a Objetos;Matemática, Computação e Tecnologias de Informação e Comunicacão;Linguagens de Programação
Programação Java para Web;Matemática, Computação e Tecnologias de Informação e Comunicacão;Linguagens de Programação
Programação de Dispositivos Móveis;Matemática, Computação e Tecnologias de Informação e Comunicacão;Linguagens de Programação
Processos Patológicos Gerais;Saúde e Bem-Estar Social;Ciências Médicas e da Saúde
Processo do Exame Fisico em Enfermagem;Saúde e Bem-Estar Social;Ciências da Enfermagem
Processo do Ciclo Reprodutivo e Puerperal;Saúde e Bem-Estar Social;Ciências Médicas e da Saúde
Processo de Sistematização da Assitência de Enfermagem;Saúde e Bem-Estar Social;Gestão e Políticas Aplicadas à Saúde
Processo de Conhecimento;Direito;Direito Civil
Processo das Doenças Imunopreveníveis e o Programa de Imunização;Saúde e Bem-Estar Social;Epidemiologia e Saúde Pública
Processo Avançado de Técnicas em Enfermagem;Saúde e Bem-Estar Social;Ciências da Enfermagem
Processamento de Imagens e Visão Computacional;Matemática, Computação e Tecnologias de Informação e Comunicacão;Computação Gráfica
Primeiros Socorros;Saúde e Bem-Estar Social;Ciências Médicas e da Saúde
Prevenção e Qualidade de Vida;Saúde e Bem-Estar Social;Epidemiologia e Saúde Pública
Portos, Aeroportos e Ferrovias;Engenharia, Produção e Construção;Engenharia Civil e Construções
Políticas Públicas em Saúde- Ênfase em PPE;Saúde e Bem-Estar Social;Gestão e Políticas Aplicadas à Saúde
Políticas Públicas em Educação- Ênfase PPE;Educação;Políticas, Currículos e Programas Educacionais
Políticas de Atenção a Saúde da Mulher e do Homem;Saúde e Bem-Estar Social;Gestão e Políticas Aplicadas à Saúde
Política Social;Ciências Sociais, Jornalismo e Informação;Ciências Políticas e Direitos Humanos
Politicas Públicas de Saúde e Redes de Ações à Saúde;Saúde e Bem-Estar Social;Gestão e Políticas Aplicadas à Saúde
Plástica;Engenharia, Produção e Construção;Interdisciplinar com foco em Engenharia, Produção e Construção
Planejamento, Organização e Gestão em Serviços de Saúde;Saúde e Bem-Estar Social;Gestão e Políticas Aplicadas à Saúde
Planejamento Urbano e Regional;Engenharia, Produção e Construção;Arquitetura e urbanismo
Planejamento Estratégico e Empresarial;Administração e Negócios;Ciências da Administração
Planejamento Estratégico e Avaliação Financeira de Empresas;Administração e Negócios;Finanças, bancos e seguros
Planejamento Estratégico de RH e Cálculos Trabalhistas;Administração e Negócios;Gestão de Pessoas e Departamento de Pessoal
Planejamento e Projeto Político Pedagógico;Educação;Políticas, Currículos e Programas Educacionais
Planejamento e Gestão em Serviço Social;Saúde e Bem-Estar Social;Serviço Social e Orientação
Planejamento e Controle da Produção;Engenharia, Produção e Construção;Engenharia de Produção e Processos de Fabricação
Planejamento de farmácos;Saúde e Bem-Estar Social;Ciências Farmacêuticas
Pessoas e Bens;Direito;Direito Civil
Pesquisa Operacional;Matemática, Computação e Tecnologias de Informação e Comunicacão;Matemática Aplicada e Computacional
Pesquisa em Serviço Social;Saúde e Bem-Estar Social;Serviço Social e Orientação
Perícia Contábil, Mediação e Arbitragem;Administração e Negócios;Contabilidade e Tributação
Pavimentação;Engenharia, Produção e Construção;Arquitetura e urbanismo
Patologia Aplicada;Saúde e Bem-Estar Social;Ciências Médicas e da Saúde
Paisagem Urbana;Engenharia, Produção e Construção;Arquitetura e urbanismo
Padrões de Projeto de Software;Matemática, Computação e Tecnologias de Informação e Comunicacão;Ciências e Engenharia da Computação
Orçamento e Finanças Públicas;Administração e Negócios;Finanças, Bancos e Seguros
Organização e Arquitetura de Computadores;Matemática, Computação e Tecnologias de Informação e Comunicacão;Arquitetura de Computadores
Organização do Estado;Ciências Sociais, Jornalismo e Informação;Ciências Políticas e Direitos Humanos
Organização de Eventos;Serviços;Eventos
Organização da Administração Pública;Administração e Negócios;Administração  e Gestão Pública
Operações Logísticas;Administração e Negócios;Logística
Obras de Terra;Engenharia, Produção e Construção;Engenharia Civil e Construções
Nutrição;Saúde e Bem-Estar Social;Ciências da Nutrição
Noções de Contabilidade;Administração e Negócios;Contabilidade e Tributação
Neuroanatomia e Neuropsicologia;#N/A;
Natação;Saúde e Bem-Estar Social;Especialidades da Educação Física
Musculação;Saúde e Bem-Estar Social;Especialidades da Educação Física
Modelagem e Simulação de Sistemas de Produção;Engenharia, Produção e Construção;Engenharia de Produção e Processos de Fabricação
Microcontroladores e Sistemas Embarcados;Engenharia, Produção e Construção;Engenharia de Controle e Automação
Microbiologia e Parasitologia básica;Saúde e Bem-Estar Social;Ciências Médicas e da Saúde
Metrologia;Engenharia, Produção e Construção;Interdisciplinar com foco em Engenharia, Produção e Construção
Metodologia do Treinamento Esportivo;Saúde e Bem-Estar Social;Especialidades da Educação Física
Metodologia da Pesquisa Científica;Ciências Sociais, Jornalismo e Informação;Ciência da Informação
Melhores Práticas em TI;Matemática, Computação e Tecnologias de Informação e Comunicacão;Processamento da Informação
Meios de Contraste em Radiologia;Saúde e Bem-Estar Social;Tecnologias de Diagnóstico e Tratamento Médico
Medicina Nuclear e Diagnóstico por Imagem;Saúde e Bem-Estar Social;Tecnologias de Diagnóstico e Tratamento Médico
Mediação, Conciliação e Arbitragem;Direito;Direito Público
Mecânica dos Sólidos;Engenharia, Produção e Construção;Interdisciplinar com foco em Engenharia, Produção e Construção
Mecânica dos Solos, das Rochas e Elem. de Geologia;Engenharia, Produção e Construção;Interdisciplinar com foco em Engenharia, Produção e Construção
Materiais de Construção Civil;Engenharia, Produção e Construção;Engenharia Civil e Construções
Matemática Financeira;Administração e Negócios;Finanças, Bancos e Seguros
Matemática;Matemática, Computação e Tecnologias de Informação e Comunicacão;Matemática Aplicada e Computacional
Marketing de Serviços e Relacionamento;Administração e Negócios;Marketing
Mamografia;Saúde e Bem-Estar Social;Tecnologias de Diagnóstico e Tratamento Médico
Língua Inglesa Aplicada;Humanidades, Artes e Linguagens;Letras - Linguística (línguas estrangeiras modernas)
Lutas;Saúde e Bem-Estar Social;Especialidades da Educação Física
Logística e Economia de transportes;Administração e Negócios;Logística
Logística e Distribuição Física;Administração e Negócios;Logística
Literatura Infanto Juvenil;Humanidades, Artes e Linguagens;Letras - Literatura (Língua Portuguesa)
Linhas de Transmissão;Engenharia, Produção e Construção;Engenharia Elétrica e de Energia
Liderança e Gestão Estratégica de Pessoas;Administração e Negócios;Gestão de Pessoas e Departamento de Pessoal
LIBRAS;Humanidades, Artes e Linguagens;LIBRAS - Língua Brasileira de Sinais
Leitura e Produção Textual;Humanidades, Artes e Linguagens;Escrita Criativa, Leitura e Redação
Legislação Trabalhista e Previdenciária;Direito;Direito do Trabalho e Legislação Trabalhista
Legislação Profissional;Direito;Direito do Trabalho e Legislação Trabalhista
Legislação Penal Especial;Direito;Direito Penal
Laboratório e Sistemas de Informação Contábil;Administração e Negócios;Contabilidade e Tributação
Jogos e Brincadeiras;Educação;Ciências da Educação, Didática e Pedagogia
Jogos de Empresas;Administração e Negócios;Ciências da Administração
Investigação Penal e Ritos Processuais;Direito;Direito Penal
Introdução à Robótica;Engenharia, Produção e Construção;Interdisciplinar com foco em Engenharia, Produção e Construção
Introdução ao Estudo do Direito;Direito;Estudos de Direito, Justiça Criminal e Estudos para-legais
Interfaces da Atuação do Pedagogo;Educação;Ciências da Educação, Didática e Pedagogia
Inteligência Artificial;Matemática, Computação e Tecnologias de Informação e Comunicacão;Inteligência Artificial
Inovações Farmacêuticas;Saúde e Bem-Estar Social;Ciências Farmacêuticas
Inovações Biomédicas;Saúde e Bem-Estar Social;Tecnologias de Diagnóstico e Tratamento Médico
Inovação Tecnológica;Matemática, Computação e Tecnologias de Informação e Comunicacão;Ciências e Engenharia da Computação
Inovação e Gestão em Diagnósticos por Imagem;Saúde e Bem-Estar Social;Tecnologias de Diagnóstico e Tratamento Médico
Iniciação ao Processo de Cuidar;Saúde e Bem-Estar Social;Ciências da Enfermagem
Informática;Matemática, Computação e Tecnologias de Informação e Comunicacão;Uso do Computador e Softwares
Imunologia Básica;Saúde e Bem-Estar Social;Ciências Médicas e da Saúde
Homeopatia;Saúde e Bem-Estar Social;Medicina Homeopática
Homem e Sociedade;Ciências Sociais, Jornalismo e Informação;Ciências Sociais e Estudos Culturais
História e Fundamentos Epistemológicos da Psicologia;Psicologia e Desenvolvimento Pessoal;Ciências da Psicologia
História do Pensamento e Hermenêutica Jurídica;Direito;Estudos de Direito, Justiça Criminal e Estudos para-legais
História das Ideias Pedagógicas;Educação;Ciências da Educação, Didática e Pedagogia
História da Arte;Engenharia, Produção e Construção;Interdisciplinar com foco em Engenharia, Produção e Construção
História da Arquitetura e Urbanismo - Idade Média;Engenharia, Produção e Construção;Arquitetura e urbanismo
História da Arquitetura e Urbanismo - Idade Antiga;Engenharia, Produção e Construção;Arquitetura e urbanismo
Histologia e Embriologia Humana;Ciências Naturais;Ciências Biológicas
Hidráulica II;Ciências Naturais;Ciências Físicas
Hidráulica I;Ciências Naturais;Ciências Físicas
Hidráulica;Ciências Naturais;Ciências Físicas
Hidrologia Aplicada;Engenharia, Produção e Construção;Engenharia Civil e Construções
Hematologia Básica;Saúde e Bem-Estar Social;Ciências Médicas e da Saúde
Handebol;Saúde e Bem-Estar Social;Especialidades da Educação Física
Ginástica Laboral;Saúde e Bem-Estar Social;Especialidades da Educação Física
Ginástica Geral;Saúde e Bem-Estar Social;Especialidades da Educação Física
Ginástica Artística;Saúde e Bem-Estar Social;Especialidades da Educação Física
Gestão Financeira e Contábil;Administração e Negócios;Contabilidade e Tributação
Gestão Empresarial e Governança Corporativa;Administração e Negócios;Ciências da Administração
Gestão e Análise de Custos;Administração e Negócios;Gestão da Produção e da Qualidade
Gestão de Transportes e Armazenagem;Administração e Negócios;Logística
Gestão de Recursos Humanos;Administração e Negócios;Gestão de Pessoas e Departamento de Pessoal
Gestão de Projetos;Administração e Negócios;Gestão da Produção e da Qualidade
Gestão de Processos e Projetos;Administração e Negócios;Gestão da Produção e da Qualidade
Gestão de Manutenção;Administração e Negócios;Gestão da Produção e da Qualidade
Gestão de Investimentos e Mercado Financeiro;Administração e Negócios;Finanças, Bancos e Seguros
Gestão de Finanças;Administração e Negócios;Finanças, Bancos e Seguros
Gestão de Estoque e Cadeia de Suprimentos;Administração e Negócios;Logística
Gestão de Custos e Formação de Preços;Administração e Negócios;Gestão Comercial e Negócios Imobiliários
Gestão de Custos e Desempenhos Logísticos;Administração e Negócios;Logística
Gestão da Qualidade e Produtividade;Administração e Negócios;Gestão da Produção e da Qualidade
Gestão da Qualidade;Administração e Negócios;Gestão da Produção e da Qualidade
Gestão da Inovação e Tecnologia;Administração e Negócios;Empreendedorismo e Gestão da Inovação
Gestão da Cadeia de Suprimentos;Administração e Negócios;Logística
Gerência e Planejamento de Empresas e Empreendimentos de Construção;Administração e Negócios;Gestão Comercial e Negócios Imobiliários
Geopolítica e Relações Internacionais;Ciências Sociais, Jornalismo e Informação;Relações internacionais
Geometría Analítica, Álgebra Linear e Cálculo Vetorial;Matemática, Computação e Tecnologias de Informação e Comunicacão;Álgebra
Geometria Descritiva;Matemática, Computação e Tecnologias de Informação e Comunicacão;Geometria e Topologia
Genética, Evolução e Comportamento Humano;Saúde e Bem-Estar Social;Ciências Médicas e da Saúde
Físico-Química;Ciências Naturais;Ciências Químicas
Física: Estática e Dinâmica;Ciências Naturais;Ciências Físicas
Física: Eletricidade e Eletromagnetismo;Ciências Naturais;Ciências Físicas
Física: Cinemática e Vetores;Ciências Naturais;Ciências Físicas
Física Radiológica;Saúde e Bem-Estar Social;Interdisciplinar com foco em Saúde e Bem-Estar Social
Física;Ciências Naturais;Ciências Físicas
Futebol;Saúde e Bem-Estar Social;Especialidades da Educação Física
Fundações;Engenharia, Produção e Construção;Engenharia Civil e Construções
Fundamentos, Metodologias e Práticas de Ensino para Alunos com Deficiência;Educação;Educação Especial - aspectos teóricos e práticos
Fundamentos, Metodologias e Práticas de Ensino em Ciências Sociais: História e Geografia;Educação;Formação de Professores em Disciplinas Específicas Não-Profisisonalizantes (exceto Letras)
Fundamentos, Metodologias e Práticas de Ensino das Ciências Naturais;Educação;Formação de Professores em Disciplinas Específicas Não-Profisisonalizantes (exceto Letras)
Fundamentos, Metodologias e Práticas de Ensino da Língua Portuguesa;Educação;Formação de Professores em Disciplinas Específicas Não-Profisisonalizantes (exceto Letras)
Fundamentos, Metodologias e Práticas de Ensino da Educação de Jovens e Adultos;Educação;Educação de Jovens e Adultos - aspectos teóricos e práticos
Fundamentos, Metodologias e Práticas de Ensino da Alfabetização e Letramento;Educação;Ensino Fundamental (anos iniciais) e Alfabetição - aspectos teóricos e práticos
Fundamentos, Metodologias e Práticas das Ciências Exatas: Matemática;Educação;Formação de Professores em Disciplinas Específicas Não-Profisisonalizantes (exceto Letras)
Fundamentos Históricos, Teóricos e Metodológicos do Serviço Social IV;Saúde e Bem-Estar Social;Serviço Social e Orientação
Fundamentos Históricos Teóricos - Metodológicos do Serviço Social III;Saúde e Bem-Estar Social;Serviço Social e Orientação
Fundamentos Históricos Teóricos - Metodológicos do Serviço Social II;Saúde e Bem-Estar Social;Serviço Social e Orientação
Fundamentos Históricos Teóricos - Metodológicos do Serviço Social I;Saúde e Bem-Estar Social;Serviço Social e Orientação
Fundamentos de Telecomunicações;Engenharia, Produção e Construção;Engenharia Eletrônica e Mecatrônica
Fundamentos da Promoção à Saude Mental e Assistência às Pessoas com Transtornos Mentais;Saúde e Bem-Estar Social;Saúde Mental
Fundamentos da Gestão Educacional, Organização e Coordenação do Trabalho Escolar;Educação;Gestão Educacional
Fundamentos da Farmácia Clínica e atenção farmacêutica;Saúde e Bem-Estar Social;Ciências Farmacêuticas
Fundamentos da Assistência de Enfermagem ao Paciente nas situações de Urgência e Emergência;Saúde e Bem-Estar Social;Ciências da Enfermagem
Fundamentos da Assistência de Enfermagem ao Paciente Crítico;Saúde e Bem-Estar Social;Ciências da Enfermagem
Formação Social, Econômica e Política do Brasil;Ciências Sociais, Jornalismo e Informação;Ciências Políticas e Direitos Humanos
Fisiologia Humana;Saúde e Bem-Estar Social;Ciências Médicas e da Saúde
Fisiologia do Exercício;Saúde e Bem-Estar Social;Especialidades da Educação Física
Filosofia e Psicologia Aplicadas ao Direito;Direito;Interdisciplinar com foco em Direito
Filosofia da Educação;Educação;Interdisciplinar com foco em Educação
Fenômenos de Transporte;Ciências Naturais;Ciências Físicas
Fenomenologia;Psicologia e Desenvolvimento Pessoal;Teorias e Abordagens Psicoterapêuticas
Fatos e Negócio Jurídico;Direito;Estudos de Direito, Justiça Criminal e Estudos para-legais
Farmácia: histórico e perspectivas;Saúde e Bem-Estar Social;Ciências Farmacêuticas
Farmacotécnica II;Saúde e Bem-Estar Social;Ciências Farmacêuticas
Farmacotécnica I;Saúde e Bem-Estar Social;Ciências Farmacêuticas
Farmacotécnica;Saúde e Bem-Estar Social;Ciências Farmacêuticas
Farmacologia: Farmacodinâmica;Saúde e Bem-Estar Social;Ciências Farmacêuticas
Farmacologia: Farmacocinética;Saúde e Bem-Estar Social;Ciências Farmacêuticas
Farmacologia;Saúde e Bem-Estar Social;Ciências Farmacêuticas
Farmacognosia e Fitoterapia;Saúde e Bem-Estar Social;Ciências Farmacêuticas
Execução Civil;Direito;Direito Penal
Estética do Projeto;Engenharia, Produção e Construção;Projeto Arquitetônico
Estática e Mecânica dos Sólidos;Engenharia, Produção e Construção;Engenharia Mecânica e Metalurgica
Estágio Supervisionado IV em Psicologia - Ênfase;Psicologia e Desenvolvimento Pessoal;Exercício Profissional e Pesquisa em Psicologia e Desenvolvimento Pessoal
Estágio Supervisionado III em Psicologia - Ênfase;Psicologia e Desenvolvimento Pessoal;Exercício Profissional e Pesquisa em Psicologia e Desenvolvimento Pessoal
Estágio Supervisionado II em Psicologia - Ênfase;Psicologia e Desenvolvimento Pessoal;Exercício Profissional e Pesquisa em Psicologia e Desenvolvimento Pessoal
Estágio Supervisionado II;Engenharia, Produção e Construção;Exercício Profissional e Pesquisa em Engenharia, Produção e Construção
Estágio Supervisionado I em Psicologia - Ênfase;Psicologia e Desenvolvimento Pessoal;Exercício Profissional e Pesquisa em Psicologia e Desenvolvimento Pessoal
Estágio Supervisionado I;Engenharia, Produção e Construção;Exercício Profissional e Pesquisa em Engenharia, Produção e Construção
Estágio Supervisionado em Serviço Social III;Saúde e Bem-Estar Social;Exercício Profissional e Pesquisa em Saúde e Bem-Estar Social
Estágio Supervisionado em Serviço Social II;Saúde e Bem-Estar Social;Exercício Profissional e Pesquisa em Saúde e Bem-Estar Social
Estágio Supervisionado em Serviço Social I;Saúde e Bem-Estar Social;Exercício Profissional e Pesquisa em Saúde e Bem-Estar Social
Estágio Supervisionado em Radiologia II;Saúde e Bem-Estar Social;Exercício Profissional e Pesquisa em Saúde e Bem-Estar Social
Estágio Supervisionado em Radiologia I;Saúde e Bem-Estar Social;Exercício Profissional e Pesquisa em Saúde e Bem-Estar Social
Estágio supervisionado em Farmácia VIII;Saúde e Bem-Estar Social;Exercício Profissional e Pesquisa em Saúde e Bem-Estar Social
Estágio supervisionado em Farmácia VII;Saúde e Bem-Estar Social;Exercício Profissional e Pesquisa em Saúde e Bem-Estar Social
Estágio supervisionado em Farmácia VI;Saúde e Bem-Estar Social;Exercício Profissional e Pesquisa em Saúde e Bem-Estar Social
Estágio supervisionado em Farmácia V;Saúde e Bem-Estar Social;Exercício Profissional e Pesquisa em Saúde e Bem-Estar Social
Estágio supervisionado em Farmácia IV;Saúde e Bem-Estar Social;Exercício Profissional e Pesquisa em Saúde e Bem-Estar Social
Estágio supervisionado em Farmácia III;Saúde e Bem-Estar Social;Exercício Profissional e Pesquisa em Saúde e Bem-Estar Social
Estágio supervisionado em Farmácia II;Saúde e Bem-Estar Social;Exercício Profissional e Pesquisa em Saúde e Bem-Estar Social
Estágio supervisionado em Farmácia I;Saúde e Bem-Estar Social;Exercício Profissional e Pesquisa em Saúde e Bem-Estar Social
Estágio Supervisionado em Engenharia da Computação II;Matemática, Computação e Tecnologias de Informação e Comunicacão;Exercício Profissional e Pesquisa em Matemática, Computação e TICs
Estágio Supervisionado em Engenharia da Computação I;Matemática, Computação e Tecnologias de Informação e Comunicacão;Exercício Profissional e Pesquisa em Matemática, Computação e TICs
Estágio Supervisionado em Eng. Elétrica II;Engenharia, Produção e Construção;Exercício Profissional e Pesquisa em Engenharia, Produção e Construção
Estágio Supervisionado em Eng. Elétrica I;Engenharia, Produção e Construção;Exercício Profissional e Pesquisa em Engenharia, Produção e Construção
Estágio Supervisionado em Eng. da Produção II;Engenharia, Produção e Construção;Exercício Profissional e Pesquisa em Engenharia, Produção e Construção
Estágio Supervisionado em Eng. da Produção I;Engenharia, Produção e Construção;Exercício Profissional e Pesquisa em Engenharia, Produção e Construção
Estágio Supervisionado em Direito IV;Direito;Exercício Profissional e Pesquisa em Direito
Estágio Supervisionado em Direito III;Direito;Exercício Profissional e Pesquisa em Direito
Estágio Supervisionado em Direito II;Direito;Exercício Profissional e Pesquisa em Direito
Estágio Supervisionado em Direito I;Direito;Exercício Profissional e Pesquisa em Direito
Estágio Supervisionado em Biomedicina II;Saúde e Bem-Estar Social;Exercício Profissional e Pesquisa em Saúde e Bem-Estar Social
Estágio Supervisionado em Biomedicina I;Saúde e Bem-Estar Social;Exercício Profissional e Pesquisa em Saúde e Bem-Estar Social
Estágio Supervisionado - Arquitetura;Engenharia, Produção e Construção;Exercício Profissional e Pesquisa em Engenharia, Produção e Construção
Estágio Curricular Supervisionado no Ensino Fundamental;Educação;Exercício Profissional e Pesquisa em Educação
Estágio Curricular Supervisionado na Gestão Educacional;Educação;Gestão Educacional
Estágio Curricular Supervisionado na EJA;Educação;Educação de Jovens e Adultos - aspectos teóricos e práticos
Estágio Curricular Supervisionado na Educação Infantil;Educação;Exercício Profissional e Pesquisa em Educação
Estágio Curricular Supervisionado IV;Saúde e Bem-Estar Social;Exercício Profissional e Pesquisa em Saúde e Bem-Estar Social
Estágio Curricular Supervisionado III;Saúde e Bem-Estar Social;Exercício Profissional e Pesquisa em Saúde e Bem-Estar Social
Estágio Curricular Supervisionado II;Saúde e Bem-Estar Social;Exercício Profissional e Pesquisa em Saúde e Bem-Estar Social
Estágio Curricular Supervisionado I;Saúde e Bem-Estar Social;Exercício Profissional e Pesquisa em Saúde e Bem-Estar Social
Estágio Curricular Supervisionado em Contabilidade II;Administração e Negócios;Contabilidade e Tributação
Estágio Curricular Supervisionado em Contabilidade I;Administração e Negócios;Contabilidade e Tributação
Estágio Curricular Supervisionado em Ambientes Não Escolares;Educação;Exercício Profissional e Pesquisa em Educação
Estágio Curricular Supervisionado em Administração II;Administração e Negócios;Exercício Profissional e Pesquisa em Administração e Negócios
Estágio Curricular Supervisionado em Administração I;Administração e Negócios;Exercício Profissional e Pesquisa em Administração e Negócios
Estágio Básico III;Psicologia e Desenvolvimento Pessoal;Exercício Profissional e Pesquisa em Psicologia e Desenvolvimento Pessoal
Estágio Básico II;Psicologia e Desenvolvimento Pessoal;Exercício Profissional e Pesquisa em Psicologia e Desenvolvimento Pessoal
Estágio Básico I;Psicologia e Desenvolvimento Pessoal;Exercício Profissional e Pesquisa em Psicologia e Desenvolvimento Pessoal
Estudos Integradores;Educação;Interdisciplinar com foco em Educação
Estruturas de Pontes;Engenharia, Produção e Construção;Engenharia Civil e Construções
Estruturas de Concreto Armado II;Engenharia, Produção e Construção;Engenharia Civil e Construções
Estruturas de Concreto Armado I;Engenharia, Produção e Construção;Engenharia Civil e Construções
Estruturas de Concreto Armado;Engenharia, Produção e Construção;Engenharia Civil e Construções
Estruturas de Aço e Madeira;Engenharia, Produção e Construção;Engenharia Civil e Construções
Estratégias de Produção;Engenharia, Produção e Construção;Engenharia de Produção e Processos de Fabricação
Estratégias Competitivas e Pesquisa de Marketing;Administração e Negócios;Marketing
Estradas;Engenharia, Produção e Construção;Engenharia Civil e Construções
Estatística;Matemática, Computação e Tecnologias de Informação e Comunicacão;Estatística
Estagio Curricular Supervionados em Serviços de Saúde II;Saúde e Bem-Estar Social;Exercício Profissional e Pesquisa em Saúde e Bem-Estar Social
Estagio Curricular Supervionados em Serviços de Saúde I;Saúde e Bem-Estar Social;Exercício Profissional e Pesquisa em Saúde e Bem-Estar Social
Ergonomia e Antropometria;Saúde e Bem-Estar Social;Ciências Médicas e da Saúde
Enzimologia e tecnologia das fermentações;Saúde e Bem-Estar Social;Ciências Farmacêuticas
Engenharia Econômica;Engenharia, Produção e Construção;Interdisciplinar com foco em Engenharia, Produção e Construção
Engenharia e Usabilidade de Interfaces;Matemática, Computação e Tecnologias de Informação e Comunicacão;Experiência do Usuário e Interfaces (UX e UI)
Engenharia e Segurança do Trabalho;Engenharia, Produção e Construção;Interdisciplinar com foco em Engenharia, Produção e Construção
Engenharia e Profissão;Engenharia, Produção e Construção;Exercício Profissional e Pesquisa em Engenharia, Produção e Construção
Engenharia de Software;Matemática, Computação e Tecnologias de Informação e Comunicacão;Ciências e Engenharia da Computação
Enfermagem no Processo de Envelhecimento;Saúde e Bem-Estar Social;Enfermagem Gerontológica
Enfermagem no Processo das Afecções Clinicas;Saúde e Bem-Estar Social;Ciências da Enfermagem
Enfermagem no Processo das Afecções Cirúrgicas;Saúde e Bem-Estar Social;Enfermagem Médico-Cirúrgica
Enfermagem no Contexto Histórico Social e Exercício Profissional da Enfermagem;Saúde e Bem-Estar Social;Ciências da Enfermagem
Enfermagem no Centro Cirúrgico e Central de Material e Esterelização e Recuperação Pós-Anestésica;Saúde e Bem-Estar Social;Enfermagem Médico-Cirúrgica
Enfermagem nas Doenças Transmissíveis;Saúde e Bem-Estar Social;Epidemiologia e Saúde Pública
Enfermagem nas Doenças de Notificação Compulsória;Saúde e Bem-Estar Social;Epidemiologia e Saúde Pública
Enfermagem na Saúde do Trabalhador;Saúde e Bem-Estar Social;Epidemiologia e Saúde Pública
Enfermagem na Saúde do Recém-Nascido;Saúde e Bem-Estar Social;Enfermagem Pediátrica
Enfermagem na Saúde da Criança e Adolescente;Saúde e Bem-Estar Social;Enfermagem Pediátrica
Empreendedorismo e Gestão de Serviços;Administração e Negócios;Empreendedorismo e Gestão da Inovação
Empreendedorismo;Administração e Negócios;Empreendedorismo e Gestão da Inovação
Eletrônica de Potência;Engenharia, Produção e Construção;Engenharia Eletrônica e Mecatrônica
Eletrônica Analógica II;Engenharia, Produção e Construção;Engenharia Eletrônica e Mecatrônica
Eletrônica Analógica I;Engenharia, Produção e Construção;Engenharia Eletrônica e Mecatrônica
Eletromagnetismo;Ciências Naturais;Ciências Físicas
Eletricidade e Eletrotécnica;Engenharia, Produção e Construção;Engenharia Eletrônica e Mecatrônica
Elementos de Máquinas;Engenharia, Produção e Construção;Engenharia Mecânica e Metalurgica
Eficiência Energética;Engenharia, Produção e Construção;Engenharia Elétrica e de Energia
Educação Física Adaptada;Saúde e Bem-Estar Social;Especialidades da Educação Física
Educação em Direitos Humanos;Educação;Ciências da Educação, Didática e Pedagogia
Educação Brasileira: Estrutura e Bases Legais;Educação;Políticas, Currículos e Programas Educacionais
Economia Política e Serviço Social;Ciências Sociais, Jornalismo e Informação;Ciências Econômicas
Economia e Mercado;Ciências Sociais, Jornalismo e Informação;Ciências Econômicas
Diversificação e Aprofundamentos de Estudos - Pesquisa em Educação;Educação;Exercício Profissional e Pesquisa em Educação
Diversificação e Aprofundamentos de Estudos - Modalidades da Educação;Educação;Ciências da Educação, Didática e Pedagogia
Diversificação e Aprofundamento de Estudos - Ser professor: mapeamento da realidade escolar;Educação;Ciências da Educação, Didática e Pedagogia
Diversificação e Aprofundamento de Estudos - Projetos Educacionais;Educação;Ciências da Educação, Didática e Pedagogia
Diversificação e Aprofundamento de Estudos - Pesquisa e Prática em Educação;Educação;Exercício Profissional e Pesquisa em Educação
Diversificação e Aprofundamento de Estudos - Docência na Contemporaneidade;Educação;Ciências da Educação, Didática e Pedagogia
Dispositivos e Circuitos Eletrônicos;Engenharia, Produção e Construção;Engenharia Eletrônica e Mecatrônica
Direitos Reais;Direito;Direito Privado
Direitos Humanos;Ciências Sociais, Jornalismo e Informação;Ciências Políticas e Direitos Humanos
Direito, Informática e Internet;Direito;Interdisciplinar com foco em Direito
Direito Tributário;Direito;Direito Financeiro e Tributário
Direito Processual do Trabalho;Direito;Direito do Trabalho e Legislação Trabalhista
Direito Internacional;Direito;Direito Internacional
Direito Eleitoral;Direito;Direito Político
Direito Econômico e Financeiro;Direito;Direito Financeiro e Tributário
Direito e Legislação Social;Direito;Direito Público
Direito do Consumidor;Direito;Direito Comercial
Direito de Família;Direito;Direito Civil
Direito das Sucessões;Direito;Direito Civil
Direito Comercial, Societário e Tributário;Direito;Direito Financeiro e Tributário
Direito Ambiental, Difusos e Coletivos;Direito;Interdisciplinar com foco em Direito
Dificuldades de Aprendizagem;Educação;Ciências da Educação, Didática e Pedagogia
Didática Geral;Educação;Ciências da Educação, Didática e Pedagogia
Didática Aplicada à Pedagogia;Educação;Ciências da Educação, Didática e Pedagogia
Didática Aplicada à Educação Física;Saúde e Bem-Estar Social;Interdisciplinar com foco em Saúde e Bem-Estar Social
Desenvolvimento Pessoal e Empregabilidade;Administração e Negócios;Gestão de Pessoas e Departamento de Pessoal
Desenvolvimento e Aprendizagem Motora;Saúde e Bem-Estar Social;Especialidades da Educação Física
Desenvolvimento de Recursos Humanos;Administração e Negócios;Gestão de Pessoas e Departamento de Pessoal
Desenho Urbano;Engenharia, Produção e Construção;Tecnologias para Arquitetura e Urbanismo
Desenho Técnico;Engenharia, Produção e Construção;Tecnologias para Arquitetura e Urbanismo
Desenho de Elementos Arquitetônicos;Engenharia, Produção e Construção;Tecnologias para Arquitetura e Urbanismo
Deontologia e legislação Farmacêutica;Saúde e Bem-Estar Social;Exercício Profissional e Pesquisa em Saúde e Bem-Estar Social
Deontologia e Legislação Biomédica;Saúde e Bem-Estar Social;Exercício Profissional e Pesquisa em Saúde e Bem-Estar Social
Densitometria Óssea e Ultrassonografia;Saúde e Bem-Estar Social;Tecnologias de Diagnóstico e Tratamento Médico
Cálculos Trabalhistas;Administração e Negócios;Contabilidade e Tributação
Cálculos para Ciências da Saúde;Saúde e Bem-Estar Social;Interdisciplinar com foco em Saúde e Bem-Estar Social
Cálculo: Integrais;Matemática, Computação e Tecnologias de Informação e Comunicacão;Matemática Aplicada e Computacional
Cálculo: Funções, Limites e Derivadas;Matemática, Computação e Tecnologias de Informação e Comunicacão;Matemática Aplicada e Computacional
Cálculo: Derivadas;Matemática, Computação e Tecnologias de Informação e Comunicacão;Matemática Aplicada e Computacional
Culturas Corporais;Saúde e Bem-Estar Social;Ciências Médicas e da Saúde
Criminologia;Direito;Criminologia
Crimes contra o Patrimônio;Direito;Criminologia
Crimes Contra a Pessoa;Direito;Criminologia
Crimes contra a Administração Pública;Direito;Criminologia
Cosmetologia;Saúde e Bem-Estar Social;Ciências Farmacêuticas
Conversão de Energia;Engenharia, Produção e Construção;Engenharia Elétrica e de Energia
Controle e Servomecanismos;Engenharia, Produção e Construção;Engenharia de Controle e Automação
Controle e Processamento Digital de Sinais;Engenharia, Produção e Construção;Engenharia de Controle e Automação
Controle de Qualidade;Administração e Negócios;Gestão da Produção e da Qualidade
Controladoria;Administração e Negócios;Finanças, Bancos e Seguros
Contratos Públicos e Responsabilidade do Estado;Administração e Negócios;Administração  e Gestão Pública
Contratos;Administração e Negócios;Ciências da Administração
Conteúdos de Matemática e Estatística para a Educação;Educação;Interdisciplinar com foco em Educação
Contabilidade Social;Administração e Negócios;Contabilidade e Tributação
Contabilidade Internacional;Administração e Negócios;Contabilidade e Tributação
Contabilidade Integral;Administração e Negócios;Contabilidade e Tributação
Contabilidade Geral e Controladoria;Administração e Negócios;Contabilidade e Tributação
Contabilidade Geral;Administração e Negócios;Contabilidade e Tributação
Contabilidade e Planejamento Tributário;Administração e Negócios;Contabilidade e Tributação
Contabilidade do Agronegócio;Administração e Negócios;Contabilidade e Tributação
Contabilidade de Custos;Administração e Negócios;Contabilidade e Tributação
Contabilidade Avançada;Administração e Negócios;Contabilidade e Tributação
Contabilidade Aplicada;Administração e Negócios;Contabilidade e Tributação
Conforto Ambiental - Térmica;Engenharia, Produção e Construção;Tecnologias para Arquitetura e Urbanismo
Conforto Ambiental - Acústico;Engenharia, Produção e Construção;Tecnologias para Arquitetura e Urbanismo
Condicionamento Físico;Saúde e Bem-Estar Social;Especialidades da Educação Física
Comércio Exterior e Marketing Internacional;Ciências Sociais, Jornalismo e Informação;Ciências Econômicas
Comércio Exterior e Finanças Internacionais;Administração e Negócios;Finanças, Bancos e Seguros
Comércio e Logística Internacional;Administração e Negócios;Logística
Comunicação Empresarial;Administração e Negócios;Gestão de Pessoas e Departamento de Pessoal
Computação Gráfica Aplicada a Arquitetura e Urbanismo;Engenharia, Produção e Construção;Tecnologias para Arquitetura e Urbanismo
Comportamento do Consumidor;Administração e Negócios;Interdisciplinar com foco em Administração e Negócios
Compiladores;Matemática, Computação e Tecnologias de Informação e Comunicacão;Ciências e Engenharia da Computação
Ciências Atuariais;Administração e Negócios;Interdisciplinar com foco em Administração e Negócios
Ciência Política e Teoria Geral do Estado;Ciências Sociais, Jornalismo e Informação;Ciências Políticas e Direitos Humanos
Ciência e Tecnologia dos Materiais;Engenharia, Produção e Construção;Engenharia e Ciência de Materiais
Ciência de Dados e Big Data;Matemática, Computação e Tecnologias de Informação e Comunicacão;Ciências e Engenharia da Computação
Citologia Oncótica;Saúde e Bem-Estar Social;Ciências Médicas e da Saúde
Circuitos Lógicos;Engenharia, Produção e Construção;Engenharia Eletrônica e Mecatrônica
Circuitos Elétricos;Engenharia, Produção e Construção;Engenharia Elétrica e de Energia
Cinesiologia;Saúde e Bem-Estar Social;Ciências Médicas e da Saúde
Cineantropometria;Saúde e Bem-Estar Social;Ciências Médicas e da Saúde
Cenários Mundiais e Globalização;Ciências Sociais, Jornalismo e Informação;Ciências Políticas e Direitos Humanos
Cenografia;Engenharia, Produção e Construção;Tecnologias para Arquitetura e Urbanismo
Brinquedoteca e Ludicidade na Educação;Educação;Ciências da Educação, Didática e Pedagogia
Bioquímica Metabólica;Ciências Naturais;Ciências Moleculares, Bioquímica e Biotecnologia
Bioquímica Estrutural;Ciências Naturais;Ciências Moleculares, Bioquímica e Biotecnologia
Bioquímica e Biofisica;Ciências Naturais;Ciências Moleculares, Bioquímica e Biotecnologia
Biomedicina: Histórico e Perspectivas;Saúde e Bem-Estar Social;Ciências Médicas e da Saúde
Biologia Celular e Genética;Ciências Naturais;Ciências Biológicas
Basquetebol;Saúde e Bem-Estar Social;Especialidades da Educação Física
Banco de Dados II;Matemática, Computação e Tecnologias de Informação e Comunicacão;Banco de Dados
Banco de Dados I;Matemática, Computação e Tecnologias de Informação e Comunicacão;Banco de Dados
Banco de Dados;Matemática, Computação e Tecnologias de Informação e Comunicacão;Banco de Dados
Ações Educativas na Prática de Enfermagem;Saúde e Bem-Estar Social;Especialidades da Educação Física
Avaliação Psicológica;Psicologia e Desenvolvimento Pessoal;Metodologias e Técnicas em Psicologia
Automação Industrial: Processos Discretos;Engenharia, Produção e Construção;Engenharia de Controle e Automação
Automação Industrial: Processos Contínuos;Engenharia, Produção e Construção;Engenharia de Controle e Automação
Automação Industrial;Engenharia, Produção e Construção;Engenharia de Controle e Automação
Auditoria Contábil;Administração e Negócios;Contabilidade e Tributação
Atletismo;Saúde e Bem-Estar Social;Especialidades da Educação Física
Atividades Físicas Alternativas;Saúde e Bem-Estar Social;Especialidades da Educação Física
Atividades Complementares;Administração e Negócios;Interdisciplinar com foco em Administração e Negócios
Arte e Educação;Educação;Interdisciplinar com foco em Educação
Arquitetura Brasileira;Engenharia, Produção e Construção;Arquitetura e urbanismo
Análises e Tecnologia de Alimentos;Saúde e Bem-Estar Social;Ciências da Nutrição
Análises Clínicas - Módulo Parasitologia e Microbiologia;Saúde e Bem-Estar Social;Análises Clínicas e Toxicológicas
Análises Clínicas - Módulo Hematologia;Saúde e Bem-Estar Social;Análises Clínicas e Toxicológicas
Análises Clínicas - Módulo Bioquímica, Imunologia e Patologia;Saúde e Bem-Estar Social;Análises Clínicas e Toxicológicas
Análise experimental: Behaviorismo;Psicologia e Desenvolvimento Pessoal;Ciências Cognitivas
Análise de Demonstrações Financeiras e Contábeis;Administração e Negócios;Finanças, Bancos e Seguros
Análise de Decisão;Administração e Negócios;Ciências da Administração
Análise de Dados na Pesquisa em Psicologia;Psicologia e Desenvolvimento Pessoal;Ciências da Psicologia
Antropologia Social;Ciências Sociais, Jornalismo e Informação;Antropologia
Antropologia e Sociologia Urbana;Ciências Sociais, Jornalismo e Informação;Antropologia
Antropologia e Filosofia;Ciências Sociais, Jornalismo e Informação;Antropologia
Anatomia Radiológica;Saúde e Bem-Estar Social;Ciências Médicas e da Saúde
Anatomia Humana;Saúde e Bem-Estar Social;Ciências Médicas e da Saúde
Anatomia Funcional;Saúde e Bem-Estar Social;Ciências Médicas e da Saúde
Algoritmos e Lógica de Programação;Matemática, Computação e Tecnologias de Informação e Comunicacão;Linguagens de Programação
Algoritmos e Estruturas de Dados;Matemática, Computação e Tecnologias de Informação e Comunicacão;Linguagens de Programação
Administração Pública e do Terceiro Setor;Administração e Negócios;Administração  e Gestão Pública
Administração Financeira e Orçamentária;Administração e Negócios;Finanças, Bancos e Seguros
Administração e Gestão em Saúde;Administração e Negócios;Gestão da Saúde, Hospitalar e de Cooperativas
Administração de Redes de Computadores;Matemática, Computação e Tecnologias de Informação e Comunicacão;Redes de Computadores
Administração de Produção, Materiais e Logística;Administração e Negócios;Logística
Administração de Cargos, Salários e Benefícios;Administração e Negócios;Gestão de Pessoas e Departamento de Pessoal
Acompanhamento Terapêutico;Psicologia e Desenvolvimento Pessoal;Teorias e Abordagens Psicoterapêuticas
Acionamentos Elétricos;Engenharia, Produção e Construção;Engenharia Elétrica e de Energia
Abordagem Sistêmica;Psicologia e Desenvolvimento Pessoal;Teorias e Abordagens Psicoterapêuticas
