nome_blox,nome_curso,area_conhecimento,area_funcional,Record Count
Inovar para o sucesso!,Extensão em Negócios e Inovação,Inovação,Criatividade e Inovação,1874
O comportamento humano,Extensão em Negócios e Inovação,Relacionais,Gestão de Pessoas,1392
"Conceitos de linguagem e comunicação: fala, escrita e técnicas de leitura",Extensão em Negócios e Inovação,Relacionais,Marketing e Comunicação,1242
Planejar para empreender! Plano de negócios e Modelo de negócios,Extensão em Negócios e Inovação,Estratégicas,Empreendedorismo,1009
Comportamento organizacional,Extensão em Negócios e Inovação,Relacionais,Gestão Estratégica,1008
A magia da negociação,Extensão em Negócios e Inovação,Estratégicas,Vendas,984
A Gestão de Pessoas Contemporânea,Extensão em Negócios e Inovação,Relacionais,Gestão de Pessoas,972
Contabilidade Para Não Contadores,Extensão em Negócios e Inovação,Técnicas,Contabilidade e Tributação,948
Como aprendemos: Teorias de Aprendizagem,Extensão em Negócios e Inovação,Relacionais,Gestão de Pessoas,894
O que um gestor precisa saber sobre didática,Extensão em Negócios e Inovação,Técnicas,Gestão Educacional,858
Medindo o desempenho em Gestão de Pessoas,Extensão em Negócios e Inovação,Técnicas,Gestão de Pessoas,829
Design Thinking: a busca por soluções,Extensão em Negócios e Inovação,Estratégicas,Criatividade e Inovação,750
Analisando dados estatísticos,Extensão em Negócios e Inovação,Técnicas,Gestão e Administração,714
Indicadores financeiros básicos,Extensão em Negócios e Inovação,Técnicas,Gestão Estratégica,659
Valorização profissional – Retenção de profissionais,Extensão em Negócios e Inovação,Relacionais,Gestão de Pessoas,649
O planejamento do ensino: preparando a aula,Extensão em Negócios e Inovação,Técnicas,Legislação Educacional,642
Fundamentos da pedagogia,Extensão em Negócios e Inovação,Técnicas,Gestão Educacional,624
Montando uma seleção excelente de profissionais,Extensão em Negócios e Inovação,Relacionais,Gestão de Pessoas,607
Layout industrial inteligente,Extensão em Negócios e Inovação,Técnicas,Gestão Estratégica,606
Gestão contábil e financeira,Extensão em Negócios e Inovação,Técnicas,Finanças,601
Metodologias ágeis para desenvolvimento e melhoria de softwares,Extensão em Negócios e Inovação,Técnicas,Database e Redes,588
O que você precisa saber sobre Linguagem SQL,Extensão em Negócios e Inovação,Técnicas,Database e Redes,582
Gestão estratégica da tecnologia da informação,Extensão em Negócios e Inovação,Técnicas,Gestão e Administração,554
Introdução a Administração Financeira,Extensão em Negócios e Inovação,Técnicas,Finanças,551
Práticas de Mentoring,Extensão em Negócios e Inovação,Relacionais,Gestão de Pessoas,540
Cidadão consciente promove o desenvolvimento,Extensão em Negócios e Inovação,Relacionais,Sustentabilidade,534
Gestão de Compras,Extensão em Negócios e Inovação,Técnicas,Gestão e Administração,528
Aprender brincando: ludicidade e pensamento pedagógico,Extensão em Negócios e Inovação,Técnicas,Gestão Educacional,516
Tipos e modelos de organizações,Extensão em Negócios e Inovação,Técnicas,Gestão e Administração,516
Conhecendo a estatística,Extensão em Negócios e Inovação,Técnicas,Gestão e Administração,516
O que é Direito Administrativo?,Extensão em Negócios e Inovação,Estratégicas,Gestão e Administração,504
Competitividade de mercado,Extensão em Negócios e Inovação,Estratégicas,Marketing e Comunicação,494
Entendendo as relações trabalhistas,Extensão em Negócios e Inovação,Relacionais,Gestão de Pessoas,485
Refletindo sobre o nosso papel - como a filosofia nos ajuda a entender a sociedade,Extensão em Negócios e Inovação,Técnicas,Gestão Estratégica,474
Seja um coach,Extensão em Negócios e Inovação,Relacionais,Gestão de Pessoas,450
"Ética e Responsabilidade Social ",Extensão em Negócios e Inovação,Relacionais,Gestão e Administração,433
Como é o planejamento pedagógico?,Extensão em Negócios e Inovação,Técnicas,Gestão Educacional,432
Projeto e planejamento escolar,Extensão em Negócios e Inovação,Técnicas,Gestão Educacional,408
Entendendo Banco de Dados,Extensão em Negócios e Inovação,Técnicas,Produção e Processamento,408
Juros e Empréstimos: a avaliação financeira de um projeto,Extensão em Negócios e Inovação,Estratégicas,Finanças,407
Demonstrativos financeiros e contábeis,Extensão em Negócios e Inovação,Técnicas,Gestão Estratégica,404
Paradigmas pedagógicos,Extensão em Negócios e Inovação,Técnicas,Gestão Educacional,396
Compras na Administração Pública,Extensão em Negócios e Inovação,Técnicas,Gestão e Administração,372
O que é conhecimento?,Extensão em Negócios e Inovação,Técnicas,Gestão Estratégica,354
Tudo que você precisa saber sobre logística reversa,Extensão em Negócios e Inovação,Técnicas,Gestão Estratégica,350
Até onde vai o impacto da inovação na educação,Extensão em Negócios e Inovação,Estratégicas,Criatividade e Inovação,342
Gerenciamento de sistemas operacionais,Extensão em Negócios e Inovação,Técnicas,Database e Redes,330
Como é a sociedade brasileira?,Extensão em Negócios e Inovação,Relacionais,Gestão de Pessoas,318
Logística e a movimentação de materiais,Extensão em Negócios e Inovação,Técnicas,Gestão Estratégica,300
Introdução a Sistemas de Informação e Comunicação,Extensão em Negócios e Inovação,Técnicas,Gestão Estratégica,290
O planejamento do ensino: preparando a aula,Pós-Graduação lato sensu em Processos Inovadores de Ensino e Aprendizagem na Educação Básica (Sesi),Técnicas,Legislação Educacional,288
Concepções pedagógicas da avaliação,Extensão em Negócios e Inovação,Técnicas,Gestão Educacional,258
O planejamento do ensino: preparando a aula,Pós-Graduação lato sensu em Processos Inovadores de ensino e aprendizagem na Educação Profissional (Senai),Técnicas,Legislação Educacional,252
Sistemas de transporte de mercadorias,Extensão em Negócios e Inovação,Técnicas,Economia,252
Sistemas operacionais para leigos,Extensão em Negócios e Inovação,Técnicas,Database e Redes,240
Gestão da Qualidade de Softwares,Extensão em Negócios e Inovação,Técnicas,Database e Redes,234
Matemática aplicada: conceitos fundamentais,Extensão em Negócios e Inovação,Técnicas,Finanças,234
O que é Educação Infantil?,Extensão em Negócios e Inovação,Técnicas,Gestão Educacional,234
Aprender brincando: ludicidade e pensamento pedagógico,Pós-Graduação lato sensu em Processos Inovadores de Ensino e Aprendizagem na Educação Básica (Sesi),Técnicas,Gestão Educacional,228
Como funciona a EJA?,Extensão em Negócios e Inovação,Técnicas,Gestão Educacional,222
Matemática aplicada: Funções e equações,Extensão em Negócios e Inovação,Técnicas,Finanças,198
O comportamento humano,Pós-Graduação lato sensu em Processos Inovadores de Ensino e Aprendizagem na Educação Básica (Sesi),Relacionais,Gestão de Pessoas,186
"Conceitos de linguagem e comunicação: fala, escrita e técnicas de leitura",Pós-Graduação lato sensu em Processos Inovadores de Ensino e Aprendizagem na Educação Básica (Sesi),Relacionais,Marketing e Comunicação,180
O que é Educação Básica?,Pós-Graduação lato sensu em Processos Inovadores de Ensino e Aprendizagem na Educação Básica (Sesi),Técnicas,Gestão Educacional,180
Avaliações internas e externas na educação,Extensão em Negócios e Inovação,Técnicas,Gestão Educacional,180
Avaliações internas e externas na educação,Pós-Graduação lato sensu em Processos Inovadores de Ensino e Aprendizagem na Educação Básica (Sesi),Técnicas,Gestão Educacional,180
Como aprendemos: Teorias de Aprendizagem,Pós-Graduação lato sensu em Processos Inovadores de Ensino e Aprendizagem na Educação Básica (Sesi),Relacionais,Gestão de Pessoas,180
Projeto e planejamento escolar,Pós-Graduação lato sensu em Processos Inovadores de Ensino e Aprendizagem na Educação Básica (Sesi),Técnicas,Gestão Educacional,174
O que é conhecimento?,Pós-Graduação lato sensu em Processos Inovadores de Ensino e Aprendizagem na Educação Básica (Sesi),Técnicas,Gestão Estratégica,168
Interligando redes de computadores,Extensão em Negócios e Inovação,Técnicas,Database e Redes,168
O que um gestor precisa saber sobre didática,Pós-Graduação lato sensu em Processos Inovadores de ensino e aprendizagem na Educação Profissional (Senai),Técnicas,Gestão Educacional,162
A Gestão de Pessoas Contemporânea,Pós-Graduação lato sensu em Processos Inovadores de ensino e aprendizagem na Educação Profissional (Senai),Relacionais,Gestão de Pessoas,156
Cidadão consciente promove o desenvolvimento,Pós-Graduação lato sensu em Processos Inovadores de ensino e aprendizagem na Educação Profissional (Senai),Relacionais,Sustentabilidade,156
Todos conectados: redes de computadores,Extensão em Negócios e Inovação,Técnicas,Database e Redes,156
Cidadão consciente promove o desenvolvimento,Pós-Graduação lato sensu em Processos Inovadores de Ensino e Aprendizagem na Educação Básica (Sesi),Relacionais,Sustentabilidade,156
Os desafios da prática pedagógica no ensino da língua escrita,Extensão em Negócios e Inovação,Técnicas,Gestão Educacional,156
Até onde vai o impacto da inovação na educação,Pós-Graduação lato sensu em Processos Inovadores de Ensino e Aprendizagem na Educação Básica (Sesi),Estratégicas,Criatividade e Inovação,150
"Conceitos de linguagem e comunicação: fala, escrita e técnicas de leitura",Pós-Graduação lato sensu em Processos Inovadores de ensino e aprendizagem na Educação Profissional (Senai),Relacionais,Marketing e Comunicação,150
Inovar para o sucesso!,Pós-Graduação lato sensu em Processos Inovadores de Ensino e Aprendizagem na Educação Básica (Sesi),Inovação,Criatividade e Inovação,150
Desafios da EJA,Extensão em Negócios e Inovação,Técnicas,Gestão Educacional,150
O que é Educação Infantil?,Pós-Graduação lato sensu em Processos Inovadores de Ensino e Aprendizagem na Educação Básica (Sesi),Técnicas,Gestão Educacional,144
Paradigmas pedagógicos,Pós-Graduação lato sensu em Processos Inovadores de Ensino e Aprendizagem na Educação Básica (Sesi),Técnicas,Gestão Educacional,144
Práticas de Mentoring,Pós-Graduação lato sensu em Processos Inovadores de ensino e aprendizagem na Educação Profissional (Senai),Relacionais,Gestão de Pessoas,144
A Gestão de Pessoas Contemporânea,Pós-Graduação lato sensu em Processos Inovadores de Ensino e Aprendizagem na Educação Básica (Sesi),Relacionais,Gestão de Pessoas,138
Competitividade de mercado,Pós-Graduação lato sensu em Processos Inovadores de ensino e aprendizagem na Educação Profissional (Senai),Estratégicas,Marketing e Comunicação,132
Fundamentos da pedagogia,Pós-Graduação lato sensu em Processos Inovadores de Ensino e Aprendizagem na Educação Básica (Sesi),Técnicas,Gestão Educacional,132
Até onde vai o impacto da inovação na educação,Pós-Graduação lato sensu em Processos Inovadores de ensino e aprendizagem na Educação Profissional (Senai),Estratégicas,Criatividade e Inovação,126
Concepções pedagógicas da avaliação,Pós-Graduação lato sensu em Processos Inovadores de Ensino e Aprendizagem na Educação Básica (Sesi),Técnicas,Gestão Educacional,126
Como é o planejamento pedagógico?,Pós-Graduação lato sensu em Processos Inovadores de Ensino e Aprendizagem na Educação Básica (Sesi),Técnicas,Gestão Educacional,126
Como é o planejamento pedagógico?,Pós-Graduação lato sensu em Processos Inovadores de ensino e aprendizagem na Educação Profissional (Senai),Técnicas,Gestão Educacional,120
O que é conhecimento?,Pós-Graduação lato sensu em Processos Inovadores de ensino e aprendizagem na Educação Profissional (Senai),Técnicas,Gestão Estratégica,120
Como funciona a EJA?,Pós-Graduação lato sensu em Processos Inovadores de Ensino e Aprendizagem na Educação Básica (Sesi),Técnicas,Gestão Educacional,120
Inovar para o sucesso!,Pós-Graduação lato sensu em Processos Inovadores de ensino e aprendizagem na Educação Profissional (Senai),Inovação,Criatividade e Inovação,120
O que você precisa saber sobre Linguagem SQL,Pós-Graduação lato sensu em Processos Inovadores de ensino e aprendizagem na Educação Profissional (Senai),Técnicas,Database e Redes,114
Aprender brincando: ludicidade e pensamento pedagógico,Pós-Graduação lato sensu em Processos Inovadores de ensino e aprendizagem na Educação Profissional (Senai),Técnicas,Gestão Educacional,114
Projeto e planejamento escolar,Pós-Graduação lato sensu em Processos Inovadores de ensino e aprendizagem na Educação Profissional (Senai),Técnicas,Gestão Educacional,108
O que é Educação Básica?,Extensão em Negócios e Inovação,Técnicas,Gestão Educacional,108
Ferramentas para Educação Infantil,Extensão em Negócios e Inovação,Técnicas,Gestão Educacional,108
Entendendo Banco de Dados,Pós-Graduação em Gestão Empresarial,Técnicas,Produção e Processamento,103
O que é Educação Infantil?,Pós-Graduação lato sensu em Processos Inovadores de ensino e aprendizagem na Educação Profissional (Senai),Técnicas,Gestão Educacional,102
Como funciona a EJA?,Pós-Graduação lato sensu em Processos Inovadores de ensino e aprendizagem na Educação Profissional (Senai),Técnicas,Gestão Educacional,96
Competitividade de mercado,Pós-Graduação lato sensu em Processos Inovadores de Ensino e Aprendizagem na Educação Básica (Sesi),Estratégicas,Marketing e Comunicação,96
Concepções pedagógicas da avaliação,Pós-Graduação lato sensu em Processos Inovadores de ensino e aprendizagem na Educação Profissional (Senai),Técnicas,Gestão Educacional,90
Como aprendemos: Teorias de Aprendizagem,Pós-Graduação lato sensu em Processos Inovadores de ensino e aprendizagem na Educação Profissional (Senai),Relacionais,Gestão de Pessoas,90
Fundamentos da pedagogia,Pós-Graduação lato sensu em Processos Inovadores de ensino e aprendizagem na Educação Profissional (Senai),Técnicas,Gestão Educacional,90
Como é a sociedade brasileira?,Pós-Graduação lato sensu em Processos Inovadores de Ensino e Aprendizagem na Educação Básica (Sesi),Relacionais,Gestão de Pessoas,90
Como é a sociedade brasileira?,Pós-Graduação lato sensu em Processos Inovadores de ensino e aprendizagem na Educação Profissional (Senai),Relacionais,Gestão de Pessoas,90
Avaliações internas e externas na educação,Pós-Graduação lato sensu em Processos Inovadores de ensino e aprendizagem na Educação Profissional (Senai),Técnicas,Gestão Educacional,90
Educação 4.0: O que devemos esperar,Pós-Graduação em Gestão Empresarial,Inovação,Inovação em Educação,85
Desafios da EJA,Pós-Graduação lato sensu em Processos Inovadores de Ensino e Aprendizagem na Educação Básica (Sesi),Técnicas,Gestão Educacional,84
Contabilidade Para Não Contadores,Pós-Graduação lato sensu em Processos Inovadores de ensino e aprendizagem na Educação Profissional (Senai),Técnicas,Contabilidade e Tributação,84
Refletindo sobre o nosso papel - como a filosofia nos ajuda a entender a sociedade,Pós-Graduação lato sensu em Processos Inovadores de Ensino e Aprendizagem na Educação Básica (Sesi),Técnicas,Gestão Estratégica,84
O que você precisa saber sobre Linguagem SQL,Pós-Graduação lato sensu em Processos Inovadores de Ensino e Aprendizagem na Educação Básica (Sesi),Técnicas,Database e Redes,84
Tudo que você precisa saber sobre logística reversa,Pós-Graduação em Gestão Empresarial,Técnicas,Gestão Estratégica,83
Demonstrativos financeiros e contábeis,Pós-Graduação em Gestão Empresarial,Técnicas,Gestão Estratégica,81
Layout industrial inteligente,Pós-Graduação lato sensu em Processos Inovadores de ensino e aprendizagem na Educação Profissional (Senai),Técnicas,Gestão Estratégica,78
O que um gestor precisa saber sobre didática,Pós-Graduação lato sensu em Processos Inovadores de Ensino e Aprendizagem na Educação Básica (Sesi),Técnicas,Gestão Educacional,78
Competitividade de mercado,Pós-Graduação em Gestão Empresarial,Estratégicas,Marketing e Comunicação,73
O comportamento humano,Pós-Graduação lato sensu em Processos Inovadores de ensino e aprendizagem na Educação Profissional (Senai),Relacionais,Gestão de Pessoas,72
Práticas de Mentoring,Pós-Graduação lato sensu em Processos Inovadores de Ensino e Aprendizagem na Educação Básica (Sesi),Relacionais,Gestão de Pessoas,72
"Ética e Responsabilidade Social ",Pós-Graduação lato sensu em Processos Inovadores de Ensino e Aprendizagem na Educação Básica (Sesi),Relacionais,Gestão e Administração,72
Metodologias ágeis para desenvolvimento e melhoria de softwares,Pós-Graduação lato sensu em Processos Inovadores de Ensino e Aprendizagem na Educação Básica (Sesi),Técnicas,Database e Redes,66
Paradigmas pedagógicos,Pós-Graduação lato sensu em Processos Inovadores de ensino e aprendizagem na Educação Profissional (Senai),Técnicas,Gestão Educacional,66
Montando uma seleção excelente de profissionais,Pós-Graduação em Gestão Estratégica de Pessoas,Relacionais,Gestão de Pessoas,63
Tipos e modelos de organizações,Pós-Graduação lato sensu em Processos Inovadores de ensino e aprendizagem na Educação Profissional (Senai),Técnicas,Gestão e Administração,60
Seja um coach,Pós-Graduação lato sensu em Processos Inovadores de ensino e aprendizagem na Educação Profissional (Senai),Relacionais,Gestão de Pessoas,60
Ferramentas para Educação Infantil,Pós-Graduação lato sensu em Processos Inovadores de Ensino e Aprendizagem na Educação Básica (Sesi),Técnicas,Gestão Educacional,60
Os desafios da prática pedagógica no ensino da língua escrita,Pós-Graduação lato sensu em Processos Inovadores de Ensino e Aprendizagem na Educação Básica (Sesi),Técnicas,Gestão Educacional,54
Montando uma seleção excelente de profissionais,Pós-Graduação lato sensu em Processos Inovadores de ensino e aprendizagem na Educação Profissional (Senai),Relacionais,Gestão de Pessoas,54
"Ética e Responsabilidade Social ",Pós-Graduação em Gestão Estratégica de Pessoas,Relacionais,Gestão e Administração,54
O ciclo de vida de um projeto: do nascimento ao encerramento,Pós-Graduação em Gestão Empresarial,Técnicas,Gestão de Projetos,54
Criando projeto de estágio para educação infantil,Extensão em Negócios e Inovação,Técnicas,Gestão Educacional,54
Seja um coach,Pós-Graduação lato sensu em Processos Inovadores de Ensino e Aprendizagem na Educação Básica (Sesi),Relacionais,Gestão de Pessoas,54
Montando uma seleção excelente de profissionais,Pós-Graduação em Controladoria e Finanças,Relacionais,Gestão de Pessoas,54
Desafios da EJA,Pós-Graduação lato sensu em Processos Inovadores de ensino e aprendizagem na Educação Profissional (Senai),Técnicas,Gestão Educacional,54
Matemática Financeira: Análise financeira de Juros,Pós-Graduação em Controladoria e Finanças,Técnicas,Finanças,49
Planejar para empreender! Plano de negócios e Modelo de negócios,Pós-Graduação lato sensu em Processos Inovadores de ensino e aprendizagem na Educação Profissional (Senai),Estratégicas,Empreendedorismo,48
"Ética e Responsabilidade Social ",Pós-Graduação em Gestão Educacional e Novas Tecnologias,Relacionais,Gestão e Administração,47
Valorização profissional – Retenção de profissionais,Pós-Graduação em Gestão Estratégica de Pessoas,Relacionais,Gestão de Pessoas,45
"Estratégia para a indústria 4.0 ",Pós-Graduação em Gestão Empresarial,Estratégicas,Gestão Estratégica,45
Comportamento organizacional,Pós-Graduação lato sensu em Processos Inovadores de ensino e aprendizagem na Educação Profissional (Senai),Relacionais,Gestão Estratégica,42
Medindo o desempenho em Gestão de Pessoas,Pós-Graduação em Gestão Empresarial,Técnicas,Gestão de Pessoas,38
Mãos na massa! – Ferramentas para Criatividade e Inovação,Pós-Graduação em Gestão Empresarial,Inovação,Criatividade e Inovação,37
Inovar para o sucesso!,Pós-Graduação em Gestão Empresarial,Inovação,Criatividade e Inovação,37
Gestão contábil e financeira,Pós-Graduação em Gestão Estratégica de Pessoas,Técnicas,Finanças,36
Sistemas operacionais para leigos,Pós-Graduação lato sensu em Processos Inovadores de Ensino e Aprendizagem na Educação Básica (Sesi),Técnicas,Database e Redes,36
Matemática aplicada: conceitos fundamentais,Pós-Graduação lato sensu em Processos Inovadores de ensino e aprendizagem na Educação Profissional (Senai),Técnicas,Finanças,36
Entendendo Banco de Dados,Pós-Graduação lato sensu em Processos Inovadores de ensino e aprendizagem na Educação Profissional (Senai),Técnicas,Produção e Processamento,36
Criando projeto de estágio para educação infantil,Pós-Graduação lato sensu em Processos Inovadores de Ensino e Aprendizagem na Educação Básica (Sesi),Técnicas,Gestão Educacional,36
Metodologias ágeis para desenvolvimento e melhoria de softwares,Pós-Graduação lato sensu em Processos Inovadores de ensino e aprendizagem na Educação Profissional (Senai),Técnicas,Database e Redes,36
Gestão de Compras,Pós-Graduação lato sensu em Processos Inovadores de ensino e aprendizagem na Educação Profissional (Senai),Técnicas,Gestão e Administração,36
Valorização profissional – Retenção de profissionais,Pós-Graduação lato sensu em Processos Inovadores de ensino e aprendizagem na Educação Profissional (Senai),Relacionais,Gestão de Pessoas,36
Gestão estratégica da tecnologia da informação,Pós-Graduação em Gestão Estratégica de Pessoas,Técnicas,Gestão e Administração,36
Entendendo as relações trabalhistas,Pós-Graduação em Gestão Estratégica de Pessoas,Relacionais,Gestão de Pessoas,36
Metodologias ativas em que o aluno é protagonista do aprendizado,Pós-Graduação em Gestão Empresarial,Estratégicas,Inovação em Educação,36
Montando uma seleção excelente de profissionais,Pós-Graduação em Gestão Empresarial,Relacionais,Gestão de Pessoas,33
Tudo que você precisa saber sobre logística reversa,Pós-Graduação lato sensu em Processos Inovadores de ensino e aprendizagem na Educação Profissional (Senai),Técnicas,Gestão Estratégica,30
Conhecendo a estatística,Pós-Graduação lato sensu em Processos Inovadores de ensino e aprendizagem na Educação Profissional (Senai),Técnicas,Gestão e Administração,30
Refletindo sobre o nosso papel - como a filosofia nos ajuda a entender a sociedade,Pós-Graduação lato sensu em Processos Inovadores de ensino e aprendizagem na Educação Profissional (Senai),Técnicas,Gestão Estratégica,30
A magia da negociação,Pós-Graduação lato sensu em Processos Inovadores de ensino e aprendizagem na Educação Profissional (Senai),Estratégicas,Vendas,30
Logística e a movimentação de materiais,Pós-Graduação lato sensu em Processos Inovadores de ensino e aprendizagem na Educação Profissional (Senai),Técnicas,Gestão Estratégica,30
Indicadores financeiros básicos,Pós-Graduação lato sensu em Processos Inovadores de ensino e aprendizagem na Educação Profissional (Senai),Técnicas,Gestão Estratégica,30
Tudo que você precisa saber sobre logística reversa,Pós-Graduação lato sensu em Processos Inovadores de Ensino e Aprendizagem na Educação Básica (Sesi),Técnicas,Gestão Estratégica,30
Planejar para empreender! Plano de negócios e Modelo de negócios,Pós-Graduação em Liderança para Transformação Digital 4.0,Estratégicas,Empreendedorismo,30
Medindo o desempenho em Gestão de Pessoas,Pós-Graduação lato sensu em Processos Inovadores de ensino e aprendizagem na Educação Profissional (Senai),Técnicas,Gestão de Pessoas,30
Interligando redes de computadores,Pós-Graduação lato sensu em Processos Inovadores de ensino e aprendizagem na Educação Profissional (Senai),Técnicas,Database e Redes,30
Contabilidade Para Não Contadores,Pós-Graduação lato sensu em Processos Inovadores de Ensino e Aprendizagem na Educação Básica (Sesi),Técnicas,Contabilidade e Tributação,30
Uma caixa de ferramentas para o gerenciamento de projetos,Pós-Graduação em Controladoria e Finanças,Inovação,Gestão de Projetos,29
Inovar para o sucesso!,Pós-Graduação em Liderança para Transformação Digital 4.0,Inovação,Criatividade e Inovação,29
Passo a passo da Gestão Estratégica de Vendas,Pós-Graduação em Controladoria e Finanças,Estratégicas,Vendas,29
Juros e Empréstimos: a avaliação financeira de um projeto,Pós-Graduação em Controladoria e Finanças,Estratégicas,Finanças,29
"Ética e Responsabilidade Social ",Pós-Graduação em Gestão Empresarial,Relacionais,Gestão e Administração,29
Comportamento organizacional,Pós-Graduação em Gestão Educacional e Novas Tecnologias,Relacionais,Gestão Estratégica,28
Business Intelligence e Analytics,Pós-Graduação em Gestão Empresarial,Estratégicas,Database e Redes,27
Medindo o desempenho em Gestão de Pessoas,Pós-Graduação em Controladoria e Finanças,Técnicas,Gestão de Pessoas,27
Inovar para o sucesso!,Pós-Graduação em Controladoria e Finanças,Inovação,Criatividade e Inovação,27
Demonstrativos financeiros e contábeis,Pós-Graduação em Gestão Estratégica de Pessoas,Técnicas,Gestão Estratégica,27
Comportamento organizacional,Pós-Graduação em Gestão Estratégica de Pessoas,Relacionais,Gestão Estratégica,27
Juros e Empréstimos: a avaliação financeira de um projeto,Pós-Graduação em Gestão Estratégica de Pessoas,Estratégicas,Finanças,27
Planejar para empreender! Plano de negócios e Modelo de negócios,Pós-Graduação em Gestão Estratégica de Pessoas,Estratégicas,Empreendedorismo,27
A magia da negociação,Pós-Graduação em Gestão Estratégica de Pessoas,Estratégicas,Vendas,27
Planejar para empreender! Plano de negócios e Modelo de negócios,Pós-Graduação em Controladoria e Finanças,Estratégicas,Empreendedorismo,27
Medindo o desempenho em Gestão de Pessoas,Pós-Graduação em Gestão Estratégica de Pessoas,Técnicas,Gestão de Pessoas,27
Gestão estratégica da tecnologia da informação,Pós-Graduação em Liderança para Transformação Digital 4.0,Técnicas,Gestão e Administração,26
"Gestão de Projetos Educacionais ",Pós-Graduação em Gestão Empresarial,Técnicas,Gestão de Projetos,26
A experiência do consumidor 4.0,Pós-Graduação em Controladoria e Finanças,Técnicas,Marketing e Comunicação,24
O que é Direito Administrativo?,Pós-Graduação lato sensu em Processos Inovadores de ensino e aprendizagem na Educação Profissional (Senai),Estratégicas,Gestão e Administração,24
Gestão estratégica da tecnologia da informação,Pós-Graduação lato sensu em Processos Inovadores de ensino e aprendizagem na Educação Profissional (Senai),Técnicas,Gestão e Administração,24
Matemática aplicada: Funções e equações,Pós-Graduação lato sensu em Processos Inovadores de ensino e aprendizagem na Educação Profissional (Senai),Técnicas,Finanças,24
Introdução a Administração Financeira,Pós-Graduação em Gestão Educacional e Novas Tecnologias,Técnicas,Finanças,24
Montando uma seleção excelente de profissionais,Pós-Graduação em Liderança para Transformação Digital 4.0,Relacionais,Gestão de Pessoas,24
Juros e Empréstimos: a avaliação financeira de um projeto,Pós-Graduação em Liderança para Transformação Digital 4.0,Estratégicas,Finanças,24
Entendendo as relações trabalhistas,Pós-Graduação lato sensu em Processos Inovadores de ensino e aprendizagem na Educação Profissional (Senai),Relacionais,Gestão de Pessoas,24
Os desafios da prática pedagógica no ensino da língua escrita,Pós-Graduação lato sensu em Processos Inovadores de ensino e aprendizagem na Educação Profissional (Senai),Técnicas,Gestão Educacional,24
Introdução a Sistemas de Informação e Comunicação,Pós-Graduação lato sensu em Processos Inovadores de Ensino e Aprendizagem na Educação Básica (Sesi),Técnicas,Gestão Estratégica,24
Comportamento organizacional,Pós-Graduação em Gestão Empresarial,Relacionais,Gestão Estratégica,24
Comportamento organizacional,Pós-Graduação lato sensu em Processos Inovadores de Ensino e Aprendizagem na Educação Básica (Sesi),Relacionais,Gestão Estratégica,24
O que é Educação Básica?,Pós-Graduação lato sensu em Processos Inovadores de ensino e aprendizagem na Educação Profissional (Senai),Técnicas,Gestão Educacional,24
Inovar para o sucesso!,Pós-Graduação em Gestão Educacional e Novas Tecnologias,Inovação,Criatividade e Inovação,23
Medindo o desempenho em Gestão de Pessoas,Pós-Graduação em Gestão Educacional e Novas Tecnologias,Técnicas,Gestão de Pessoas,22
Gestão contábil e financeira,Pós-Graduação em Gestão Empresarial,Técnicas,Finanças,22
Impulsionando a captação de dinheiro para novos negócios,Pós-Graduação em Controladoria e Finanças,Estratégicas,Finanças,22
Gestão do conhecimento,Pós-Graduação em Controladoria e Finanças,Estratégicas,Gestão e Administração,22
A magia da negociação,Pós-Graduação em Liderança para Transformação Digital 4.0,Estratégicas,Vendas,21
Características e inteligências do líder na transformação digital,Pós-Graduação em Controladoria e Finanças,Técnicas,Gestão de Pessoas,20
Gestão estratégica da tecnologia da informação,Pós-Graduação em Gestão Educacional e Novas Tecnologias,Técnicas,Gestão e Administração,20
A magia da negociação,Curso teste Unique,Estratégicas,Vendas,20
Indicadores financeiros básicos,Pós-Graduação em Controladoria e Finanças,Técnicas,Gestão Estratégica,20
Organizações que mudam e evoluem,Curso teste Unique,Relacionais,Gestão de Pessoas,20
Indicadores financeiros básicos,Pós-Graduação em Gestão Empresarial,Técnicas,Gestão Estratégica,20
Business Intelligence e Analytics,Pós-Graduação em Controladoria e Finanças,Estratégicas,Database e Redes,20
Valorização profissional – Retenção de profissionais,Pós-Graduação em Gestão Educacional e Novas Tecnologias,Relacionais,Gestão de Pessoas,20
Indicadores financeiros básicos,Pós-Graduação em Gestão Educacional e Novas Tecnologias,Técnicas,Gestão Estratégica,20
Características e inteligências do líder na transformação digital,Pós-Graduação em Gestão Empresarial,Técnicas,Gestão de Pessoas,20
"Ética e Responsabilidade Social ",Pós-Graduação em Controladoria e Finanças,Relacionais,Gestão e Administração,20
O líder desenvolvendo equipes,Pós-Graduação em Controladoria e Finanças,Relacionais,Gestão de Pessoas,20
"Gestão de Projetos Educacionais ",Pós-Graduação em Gestão Educacional e Novas Tecnologias,Técnicas,Gestão de Projetos,20
Tecnologias Digitais e a escola do futuro,Pós-Graduação em Gestão Educacional e Novas Tecnologias,Técnicas,Inovação em Educação,20
"Gestão Ágil, Modular e Flexível",Pós-Graduação em Controladoria e Finanças,Técnicas,Gestão de Projetos,20
Design thinking para educadores: práticas e soluções para o cotidiano escolar,Pós-Graduação em Gestão Educacional e Novas Tecnologias,Estratégicas,Inovação em Educação,20
Montando uma seleção excelente de profissionais,Curso teste Unique,Relacionais,Gestão de Pessoas,20
Gerenciamento de portfólio: Escritório de Projetos,Pós-Graduação em Gestão Empresarial,Técnicas,Gestão de Projetos,19
"Gestão de Projetos Educacionais ",Pós-Graduação em Controladoria e Finanças,Técnicas,Gestão de Projetos,19
Indicadores financeiros básicos,Pós-Graduação em Gestão Estratégica de Pessoas,Técnicas,Gestão Estratégica,18
Passo a passo da Gestão Estratégica de Vendas,Pós-Graduação em Gestão Empresarial,Estratégicas,Vendas,18
O que é Direito Administrativo?,Pós-Graduação lato sensu em Processos Inovadores de Ensino e Aprendizagem na Educação Básica (Sesi),Estratégicas,Gestão e Administração,18
Matemática aplicada: conceitos fundamentais,Pós-Graduação lato sensu em Processos Inovadores de Ensino e Aprendizagem na Educação Básica (Sesi),Técnicas,Finanças,18
Metodologias ativas em que o aluno é protagonista do aprendizado,Pós-Graduação em Gestão Educacional e Novas Tecnologias,Estratégicas,Inovação em Educação,18
Uma caixa de ferramentas para o gerenciamento de projetos,Pós-Graduação em Gestão Empresarial,Inovação,Gestão de Projetos,18
Inovar para o sucesso!,Pós-Graduação em Gestão Estratégica de Pessoas,Inovação,Criatividade e Inovação,18
"Ética e Responsabilidade Social ",Pós-Graduação lato sensu em Processos Inovadores de ensino e aprendizagem na Educação Profissional (Senai),Relacionais,Gestão e Administração,18
A sustentabilidade na era digital,Pós-Graduação em Gestão Empresarial,Estratégicas,Sustentabilidade,18
Gestão do conhecimento,Pós-Graduação em Gerenciamento de Projetos,Estratégicas,Gestão e Administração,18
Layout industrial inteligente,Pós-Graduação em Gestão Estratégica de Pessoas,Técnicas,Gestão Estratégica,18
Introdução a Sistemas de Informação e Comunicação,Pós-Graduação lato sensu em Processos Inovadores de ensino e aprendizagem na Educação Profissional (Senai),Técnicas,Gestão Estratégica,18
Tudo que você precisa saber sobre logística reversa,Pós-Graduação em Gestão Educacional e Novas Tecnologias,Técnicas,Gestão Estratégica,18
Uma caixa de ferramentas para o gerenciamento de projetos,Pós-Graduação em Gerenciamento de Projetos,Inovação,Gestão de Projetos,18
Impulsionando a captação de dinheiro para novos negócios,Pós-Graduação em Gestão Empresarial,Estratégicas,Finanças,18
Organizações digitais e Oportunidades exponenciais,Pós-Graduação em Gerenciamento de Projetos,Estratégicas,Gestão e Administração,18
Mãos na massa! – Ferramentas para Criatividade e Inovação,Pós-Graduação em Gerenciamento de Projetos,Inovação,Criatividade e Inovação,18
Gestão escolar: espaço para a participação,Pós-Graduação em Liderança para Transformação Digital 4.0,Relacionais,Gestão Educacional,18
Juros e Empréstimos: a avaliação financeira de um projeto,Pós-Graduação em Gerenciamento de Projetos,Estratégicas,Finanças,18
O ciclo de vida de um projeto: do nascimento ao encerramento,Pós-Graduação em Gerenciamento de Projetos,Técnicas,Gestão de Projetos,18
"Gestão Ágil, Modular e Flexível",Pós-Graduação em Gerenciamento de Projetos,Técnicas,Gestão de Projetos,18
Entendendo as relações trabalhistas,Pós-Graduação em Gestão Empresarial,Relacionais,Gestão de Pessoas,18
Montando uma seleção excelente de profissionais,Pós-Graduação lato sensu em Processos Inovadores de Ensino e Aprendizagem na Educação Básica (Sesi),Relacionais,Gestão de Pessoas,18
Introdução a Administração Financeira,Pós-Graduação em Gestão Estratégica de Pessoas,Técnicas,Finanças,18
A magia da negociação,Pós-Graduação em Gestão Educacional e Novas Tecnologias,Estratégicas,Vendas,17
Matemática Financeira: Análise financeira de Juros,Pós-Graduação em Gestão Educacional e Novas Tecnologias,Técnicas,Finanças,17
Montando uma seleção excelente de profissionais,Pós-Graduação em Gestão Educacional e Novas Tecnologias,Relacionais,Gestão de Pessoas,17
A avaliação educacional é uma tarefa didática,Pós-Graduação em Gestão Educacional e Novas Tecnologias,Técnicas,Gestão Educacional,16
Introdução a Administração Financeira,Pós-Graduação em Liderança para Transformação Digital 4.0,Técnicas,Finanças,15
Indicadores financeiros básicos,Pós-Graduação em Liderança para Transformação Digital 4.0,Técnicas,Gestão Estratégica,15
Gestão contábil e financeira,Pós-Graduação em Liderança para Transformação Digital 4.0,Técnicas,Finanças,15
A magia da negociação,Pós-Graduação em Controladoria e Finanças,Estratégicas,Vendas,15
Gestão escolar: espaço para a participação,Pós-Graduação em Gestão Educacional e Novas Tecnologias,Relacionais,Gestão Educacional,14
Games educativos: o jogo de aprender,Pós-Graduação em Gestão Educacional e Novas Tecnologias,Inovação,Inovação em Educação,14
Educação 4.0: O que devemos esperar,Pós-Graduação em Gestão Educacional e Novas Tecnologias,Inovação,Inovação em Educação,14
Inovar para o sucesso!,Pós-Graduação em Gerenciamento de Projetos,Inovação,Criatividade e Inovação,13
Gerenciamento de portfólio: Escritório de Projetos,Pós-Graduação em Gerenciamento de Projetos,Técnicas,Gestão de Projetos,13
Valorização profissional – Retenção de profissionais,Pós-Graduação em Gestão Empresarial,Relacionais,Gestão de Pessoas,13
Características e inteligências do líder na transformação digital,Pós-Graduação em Liderança para Transformação Digital 4.0,Técnicas,Gestão de Pessoas,13
Tecnologias Facilitadoras e exponenciais,Pós-Graduação em Gestão Educacional e Novas Tecnologias,Técnicas,Criatividade e Inovação,13
Sem escopo não existe projeto,Pós-Graduação em Gerenciamento de Projetos,Técnicas,Gestão de Projetos,13
Planejar para empreender! Plano de negócios e Modelo de negócios,Pós-Graduação em Gestão Educacional e Novas Tecnologias,Estratégicas,Empreendedorismo,13
Organizações digitais e Oportunidades exponenciais,Pós-Graduação em Gestão Empresarial,Estratégicas,Gestão e Administração,13
Sistemas operacionais para leigos,Pós-Graduação lato sensu em Processos Inovadores de ensino e aprendizagem na Educação Profissional (Senai),Técnicas,Database e Redes,12
Gestão contábil e financeira,Pós-Graduação lato sensu em Processos Inovadores de Ensino e Aprendizagem na Educação Básica (Sesi),Técnicas,Finanças,12
Analisando dados estatísticos,Pós-Graduação lato sensu em Processos Inovadores de Ensino e Aprendizagem na Educação Básica (Sesi),Técnicas,Gestão e Administração,12
Gerenciamento de sistemas operacionais,Pós-Graduação lato sensu em Processos Inovadores de ensino e aprendizagem na Educação Profissional (Senai),Técnicas,Database e Redes,12
Mãos na massa! – Ferramentas para Criatividade e Inovação,Pós-Graduação em Gestão Educacional e Novas Tecnologias,Inovação,Criatividade e Inovação,12
Juros e Empréstimos: a avaliação financeira de um projeto,Pós-Graduação lato sensu em Processos Inovadores de ensino e aprendizagem na Educação Profissional (Senai),Estratégicas,Finanças,12
Conhecendo a estatística,Pós-Graduação lato sensu em Processos Inovadores de Ensino e Aprendizagem na Educação Básica (Sesi),Técnicas,Gestão e Administração,12
Introdução a Administração Financeira,Pós-Graduação lato sensu em Processos Inovadores de ensino e aprendizagem na Educação Profissional (Senai),Técnicas,Finanças,12
Gestão estratégica da tecnologia da informação,Pós-Graduação lato sensu em Processos Inovadores de Ensino e Aprendizagem na Educação Básica (Sesi),Técnicas,Gestão e Administração,12
Analisando dados estatísticos,Pós-Graduação lato sensu em Processos Inovadores de ensino e aprendizagem na Educação Profissional (Senai),Técnicas,Gestão e Administração,12
Demonstrativos financeiros e contábeis,Pós-Graduação lato sensu em Processos Inovadores de ensino e aprendizagem na Educação Profissional (Senai),Técnicas,Gestão Estratégica,12
Sistemas de transporte de mercadorias,Pós-Graduação lato sensu em Processos Inovadores de ensino e aprendizagem na Educação Profissional (Senai),Técnicas,Economia,12
Todos conectados: redes de computadores,Pós-Graduação lato sensu em Processos Inovadores de ensino e aprendizagem na Educação Profissional (Senai),Técnicas,Database e Redes,12
Todos conectados: redes de computadores,Pós-Graduação lato sensu em Processos Inovadores de Ensino e Aprendizagem na Educação Básica (Sesi),Técnicas,Database e Redes,12
Matemática Financeira: Análise financeira de Juros,Extensão em Negócios e Inovação,Técnicas,Finanças,11
Entendendo Banco de Dados,Pós-Graduação em Controladoria e Finanças,Técnicas,Produção e Processamento,11
Metodologias ativas em que o aluno é protagonista do aprendizado,Pós-Graduação em Controladoria e Finanças,Estratégicas,Inovação em Educação,11
Entendendo as relações trabalhistas,Pós-Graduação em Gestão Educacional e Novas Tecnologias,Relacionais,Gestão de Pessoas,11
Demonstrativos financeiros e contábeis,Pós-Graduação em Controladoria e Finanças,Técnicas,Gestão Estratégica,11
Introdução a Administração Financeira,Pós-Graduação em Controladoria e Finanças,Técnicas,Finanças,11
Introdução a Administração Financeira,Pós-Graduação em Gestão Empresarial,Técnicas,Finanças,11
Crescendo de forma Sustentável,Pós-Graduação em Liderança para Transformação Digital 4.0,Técnicas,Sustentabilidade,11
Organizações que mudam e evoluem,Pós-Graduação em Controladoria e Finanças,Relacionais,Gestão de Pessoas,11
Metodologias ativas em que o aluno é protagonista do aprendizado,Extensão em Negócios e Inovação,Estratégicas,Inovação em Educação,11
Entendendo Banco de Dados,Pós-Graduação em Gestão Educacional e Novas Tecnologias,Técnicas,Produção e Processamento,11
Organizações digitais e Oportunidades exponenciais,Pós-Graduação em Controladoria e Finanças,Estratégicas,Gestão e Administração,11
Tecnologias Facilitadoras e exponenciais,Pós-Graduação em Liderança para Transformação Digital 4.0,Técnicas,Criatividade e Inovação,11
Gestão contábil e financeira,Pós-Graduação em Controladoria e Finanças,Técnicas,Finanças,11
Tecnologias Facilitadoras e exponenciais,Pós-Graduação em Controladoria e Finanças,Técnicas,Criatividade e Inovação,11
A experiência do consumidor 4.0,Extensão em Negócios e Inovação,Técnicas,Marketing e Comunicação,11
Gestão contábil e financeira,Pós-Graduação em Gestão Educacional e Novas Tecnologias,Técnicas,Finanças,11
Comportamento organizacional,Pós-Graduação em Controladoria e Finanças,Relacionais,Gestão Estratégica,11
Competitividade de mercado,Pós-Graduação em Liderança para Transformação Digital 4.0,Estratégicas,Marketing e Comunicação,11
Games educativos: o jogo de aprender,Extensão em Negócios e Inovação,Inovação,Inovação em Educação,11
Gestão de Stakeholders: fechando grandes parcerias,Pós-Graduação em Controladoria e Finanças,Relacionais,Marketing e Comunicação,11
Gestão estratégica da tecnologia da informação,Pós-Graduação em Controladoria e Finanças,Técnicas,Gestão e Administração,11
"Vamos entender o mercado! - Introdução ao Marketing ",Pós-Graduação em Controladoria e Finanças,Estratégicas,Marketing e Comunicação,11
O líder desenvolvendo equipes,Curso teste Unique,Relacionais,Gestão de Pessoas,10
A interação homem-máquina,Pós-Graduação em Gestão Empresarial,Técnicas,Criatividade e Inovação,10
Gestão estratégica da tecnologia da informação,Curso teste Unique,Técnicas,Gestão e Administração,10
Análise das Demonstrações Financeiras como foco no lucro,Pós-Graduação em Gestão Empresarial,Técnicas,Finanças,10
Planejamento Tributário: uma forma legal de aumentar o lucro,Pós-Graduação em Gestão Empresarial,Estratégicas,Finanças,10
Propriedade intelectual,Pós-Graduação em Gestão Empresarial,Técnicas,Direito e Administração,10
"Gestão de Projetos Educacionais ",Extensão em Negócios e Inovação,Técnicas,Gestão de Projetos,10
A experiência do consumidor 4.0,Pós-Graduação em Gestão Empresarial,Técnicas,Marketing e Comunicação,10
Gestão Financeira na Educação,Pós-Graduação em Gestão Educacional e Novas Tecnologias,Técnicas,Finanças,10
Por dentro das relações sindicais,Pós-Graduação em Gestão Empresarial,Técnicas,Direito e Administração,10
Valorização profissional – Retenção de profissionais,Curso teste Unique,Relacionais,Gestão de Pessoas,10
"Vamos entender o mercado! - Introdução ao Marketing ",Pós-Graduação em Gestão Empresarial,Estratégicas,Marketing e Comunicação,10
Planejamento Estratégico: diminuir riscos e promover o crescimento,Pós-Graduação em Gestão Empresarial,Estratégicas,Gestão Estratégica,10
Planejamento Estratégico e Cultura Organizacional,Pós-Graduação em Gestão Empresarial,Estratégicas,Gestão Estratégica,10
Planejar para empreender! Plano de negócios e Modelo de negócios,Curso teste Unique,Estratégicas,Empreendedorismo,10
A magia da negociação,Pós-Graduação em Gestão Empresarial,Estratégicas,Vendas,10
Crescendo de forma Sustentável,Curso teste Unique,Técnicas,Sustentabilidade,10
Planejar para empreender! Plano de negócios e Modelo de negócios,Pós-Graduação em Gestão Empresarial,Estratégicas,Empreendedorismo,10
A avaliação educacional é uma tarefa didática,Pós-Graduação em Gestão Empresarial,Técnicas,Gestão Educacional,10
Mãos na massa! – Ferramentas para Criatividade e Inovação,Curso teste Unique,Inovação,Criatividade e Inovação,10
Inovar para o sucesso!,Curso teste Unique,Inovação,Criatividade e Inovação,10
A formação de líderes,Pós-Graduação em Gestão Empresarial,Relacionais,Gestão de Pessoas,10
Planejamento Orçamentário: um foco no planejamento estratégico,Pós-Graduação em Gestão Empresarial,Estratégicas,Finanças,10
Matemática financeira,Curso teste Unique,Técnicas,Finanças,10
Medindo o desempenho em Gestão de Pessoas,Curso teste Unique,Técnicas,Gestão de Pessoas,10
Por dentro da tributação,Pós-Graduação em Gestão Empresarial,Técnicas,Finanças,10
Matemática Financeira: Análise financeira de Juros,Pós-Graduação em Gestão Empresarial,Técnicas,Finanças,9
"Vamos entender o mercado! - Introdução ao Marketing ",Pós-Graduação em Liderança para Transformação Digital 4.0,Estratégicas,Marketing e Comunicação,9
A magia da negociação,Pós-Graduação em Gestão da Inovação,Estratégicas,Vendas,9
Design thinking para educadores: práticas e soluções para o cotidiano escolar,Pós-Graduação em Gestão Empresarial,Estratégicas,Inovação em Educação,9
Economia Empresarial ampliando a visão de negócios,Pós-Graduação em Gestão Empresarial,Estratégicas,Economia,9
O líder desenvolvendo equipes,Pós-Graduação em Gestão da Inovação,Relacionais,Gestão de Pessoas,9
Introdução a Sistemas de Informação e Comunicação,Pós-Graduação em Gestão Empresarial,Técnicas,Gestão Estratégica,9
Entendendo Banco de Dados,Pós-Graduação em Liderança para Transformação Digital 4.0,Técnicas,Produção e Processamento,9
Logística e a movimentação de materiais,Pós-Graduação em Gestão da Inovação,Técnicas,Gestão Estratégica,9
Layout industrial inteligente,Pós-Graduação em Gestão da Inovação,Técnicas,Gestão Estratégica,9
Gestão de Stakeholders: fechando grandes parcerias,Pós-Graduação em Gestão da Inovação,Relacionais,Marketing e Comunicação,9
Organizações que mudam e evoluem,Pós-Graduação em Gestão Empresarial,Relacionais,Gestão de Pessoas,9
A interação homem-máquina,Pós-Graduação em Gerenciamento de Projetos,Técnicas,Criatividade e Inovação,9
Gestão contábil e financeira,Pós-Graduação em Gestão da Inovação,Técnicas,Finanças,9
Montando uma seleção excelente de profissionais,Pós-Graduação em Gestão da Inovação,Relacionais,Gestão de Pessoas,9
Indicadores financeiros básicos,Pós-Graduação em Gestão da Inovação,Técnicas,Gestão Estratégica,9
Valorização profissional – Retenção de profissionais,Pós-Graduação em Controladoria e Finanças,Relacionais,Gestão de Pessoas,9
Games educativos: o jogo de aprender,Pós-Graduação em Liderança para Transformação Digital 4.0,Inovação,Inovação em Educação,9
Juros e Empréstimos: a avaliação financeira de um projeto,Pós-Graduação em Gestão Educacional e Novas Tecnologias,Estratégicas,Finanças,9
Impulsionando a captação de dinheiro para novos negócios,Pós-Graduação em Gestão da Inovação,Estratégicas,Finanças,9
Entendendo as relações trabalhistas,Pós-Graduação em Gestão da Inovação,Relacionais,Gestão de Pessoas,9
Introdução a Sistemas de Informação e Comunicação,Pós-Graduação em Gerenciamento de Projetos,Técnicas,Gestão Estratégica,9
Competitividade de mercado,Pós-Graduação em Gestão da Inovação,Estratégicas,Marketing e Comunicação,9
Juros e Empréstimos: a avaliação financeira de um projeto,Pós-Graduação em Gestão da Inovação,Estratégicas,Finanças,9
Juros e Empréstimos: a avaliação financeira de um projeto,Pós-Graduação em Gestão Empresarial,Estratégicas,Finanças,9
Introdução a Sistemas de Informação e Comunicação,Pós-Graduação em Gestão Estratégica de Pessoas,Técnicas,Gestão Estratégica,9
"Gestão Ágil, Modular e Flexível",Pós-Graduação em Gestão da Inovação,Técnicas,Gestão de Projetos,9
Gestão estratégica da tecnologia da informação,Pós-Graduação em Gerenciamento de Projetos,Técnicas,Gestão e Administração,9
Organizações que mudam e evoluem,Pós-Graduação em Gestão da Inovação,Relacionais,Gestão de Pessoas,9
Organizações digitais e Oportunidades exponenciais,Pós-Graduação em Gestão da Inovação,Estratégicas,Gestão e Administração,9
Comportamento organizacional,Pós-Graduação em Gestão da Inovação,Relacionais,Gestão Estratégica,9
Logística e a movimentação de materiais,Pós-Graduação em Gestão Empresarial,Técnicas,Gestão Estratégica,9
Passo a passo da Gestão Estratégica de Vendas,Pós-Graduação em Liderança para Transformação Digital 4.0,Estratégicas,Vendas,9
Inovar para o sucesso!,Pós-Graduação em Gestão da Inovação,Inovação,Criatividade e Inovação,9
Gestão estratégica da tecnologia da informação,Pós-Graduação em Gestão Empresarial,Técnicas,Gestão e Administração,9
Introdução a Administração Financeira,Pós-Graduação em Gestão da Inovação,Técnicas,Finanças,9
O ciclo de vida de um projeto: do nascimento ao encerramento,Pós-Graduação em Gestão da Inovação,Técnicas,Gestão de Projetos,9
Tudo que você precisa saber sobre logística reversa,Pós-Graduação em Controladoria e Finanças,Técnicas,Gestão Estratégica,9
"Ética e Responsabilidade Social ",Pós-Graduação em Liderança para Transformação Digital 4.0,Relacionais,Gestão e Administração,9
Passo a passo da Gestão Estratégica de Vendas,Pós-Graduação em Gestão da Inovação,Estratégicas,Vendas,9
Logística e a movimentação de materiais,Pós-Graduação em Gestão Educacional e Novas Tecnologias,Técnicas,Gestão Estratégica,9
O líder desenvolvendo equipes,Pós-Graduação em Gestão Empresarial,Relacionais,Gestão de Pessoas,9
"Vamos entender o mercado! - Introdução ao Marketing ",Pós-Graduação em Gestão da Inovação,Estratégicas,Marketing e Comunicação,9
Planejar para empreender! Plano de negócios e Modelo de negócios,Pós-Graduação em Gestão da Inovação,Estratégicas,Empreendedorismo,9
Captação e monetização para inovação,Pós-Graduação em Liderança para Transformação Digital 4.0,Estratégicas,Finanças,9
Medindo o desempenho em Gestão de Pessoas,Pós-Graduação em Liderança para Transformação Digital 4.0,Técnicas,Gestão de Pessoas,9
A experiência do consumidor 4.0,Pós-Graduação em Gerenciamento de Projetos,Técnicas,Marketing e Comunicação,9
Gestão do conhecimento,Pós-Graduação em Gestão Empresarial,Estratégicas,Gestão e Administração,9
Demonstrativos financeiros e contábeis,Pós-Graduação em Gestão da Inovação,Técnicas,Gestão Estratégica,9
Layout industrial inteligente,Pós-Graduação em Gestão Empresarial,Técnicas,Gestão Estratégica,9
Valorização profissional – Retenção de profissionais,Pós-Graduação em Gestão da Inovação,Relacionais,Gestão de Pessoas,9
Medindo o desempenho em Gestão de Pessoas,Pós-Graduação em Gestão da Inovação,Técnicas,Gestão de Pessoas,9
A interação homem-máquina,Pós-Graduação em Controladoria e Finanças,Técnicas,Criatividade e Inovação,8
A avaliação educacional é uma tarefa didática,Extensão em Negócios e Inovação,Técnicas,Gestão Educacional,8
Gestão contábil e financeira,Pós-Graduação lato sensu em Processos Inovadores de ensino e aprendizagem na Educação Profissional (Senai),Técnicas,Finanças,6
Interligando redes de computadores,Pós-Graduação lato sensu em Processos Inovadores de Ensino e Aprendizagem na Educação Básica (Sesi),Técnicas,Database e Redes,6
Gestão da Qualidade de Softwares,Pós-Graduação lato sensu em Processos Inovadores de ensino e aprendizagem na Educação Profissional (Senai),Técnicas,Database e Redes,6
Tipos e modelos de organizações,Pós-Graduação lato sensu em Processos Inovadores de Ensino e Aprendizagem na Educação Básica (Sesi),Técnicas,Gestão e Administração,6
Matemática aplicada: Funções e equações,Pós-Graduação lato sensu em Processos Inovadores de Ensino e Aprendizagem na Educação Básica (Sesi),Técnicas,Finanças,6
A magia da negociação,Pós-Graduação lato sensu em Processos Inovadores de Ensino e Aprendizagem na Educação Básica (Sesi),Estratégicas,Vendas,6
A sustentabilidade na era digital,Pós-Graduação em Gestão Educacional e Novas Tecnologias,Estratégicas,Sustentabilidade,6
"Ética e Responsabilidade Social ",Pós-Graduação em Gerenciamento de Projetos,Relacionais,Gestão e Administração,6
A interação homem-máquina,Pós-Graduação em Gestão Educacional e Novas Tecnologias,Técnicas,Criatividade e Inovação,6
Gestão do conhecimento,Pós-Graduação em Gestão Educacional e Novas Tecnologias,Estratégicas,Gestão e Administração,6
Características e inteligências do líder na transformação digital,Pós-Graduação em Gestão Educacional e Novas Tecnologias,Técnicas,Gestão de Pessoas,6
Uma caixa de ferramentas para o gerenciamento de projetos,Pós-Graduação em Gestão Educacional e Novas Tecnologias,Inovação,Gestão de Projetos,6
O líder desenvolvendo equipes,Pós-Graduação em Gestão Educacional e Novas Tecnologias,Relacionais,Gestão de Pessoas,6
Medindo o desempenho em Gestão de Pessoas,Pós-Graduação lato sensu em Processos Inovadores de Ensino e Aprendizagem na Educação Básica (Sesi),Técnicas,Gestão de Pessoas,6
Ferramentas para Educação Infantil,Pós-Graduação lato sensu em Processos Inovadores de ensino e aprendizagem na Educação Profissional (Senai),Técnicas,Gestão Educacional,6
Compras na Administração Pública,Pós-Graduação lato sensu em Processos Inovadores de ensino e aprendizagem na Educação Profissional (Senai),Técnicas,Gestão e Administração,6
Entendendo Banco de Dados,Pós-Graduação lato sensu em Processos Inovadores de Ensino e Aprendizagem na Educação Básica (Sesi),Técnicas,Produção e Processamento,6
Introdução a Administração Financeira,Pós-Graduação lato sensu em Processos Inovadores de Ensino e Aprendizagem na Educação Básica (Sesi),Técnicas,Finanças,6
Planejar para empreender! Plano de negócios e Modelo de negócios,Pós-Graduação lato sensu em Processos Inovadores de Ensino e Aprendizagem na Educação Básica (Sesi),Estratégicas,Empreendedorismo,6
Entendendo as relações trabalhistas,Pós-Graduação lato sensu em Processos Inovadores de Ensino e Aprendizagem na Educação Básica (Sesi),Relacionais,Gestão de Pessoas,6
Captação e monetização para inovação,Pós-Graduação em Controladoria e Finanças,Estratégicas,Finanças,4
Medindo o desempenho em Gestão de Pessoas,Pós-Graduação em Gerenciamento de Projetos,Técnicas,Gestão de Pessoas,4
Comportamento organizacional,Pós-Graduação em Gerenciamento de Projetos,Relacionais,Gestão Estratégica,4
Economia Empresarial ampliando a visão de negócios,Pós-Graduação em Controladoria e Finanças,Estratégicas,Economia,4
Valorização profissional – Retenção de profissionais,Pós-Graduação em Gerenciamento de Projetos,Relacionais,Gestão de Pessoas,4
Organizações digitais e Oportunidades exponenciais,Pós-Graduação em Liderança para Transformação Digital 4.0,Estratégicas,Gestão e Administração,4
Entendendo as relações trabalhistas,Pós-Graduação em Gerenciamento de Projetos,Relacionais,Gestão de Pessoas,4
Gestão contábil e financeira,Pós-Graduação em Gerenciamento de Projetos,Técnicas,Finanças,4
A sustentabilidade na era digital,Pós-Graduação em Liderança para Transformação Digital 4.0,Estratégicas,Sustentabilidade,4
Competitividade de mercado,Pós-Graduação em Controladoria e Finanças,Estratégicas,Marketing e Comunicação,4
Indicadores financeiros básicos,Pós-Graduação em Gerenciamento de Projetos,Técnicas,Gestão Estratégica,4
"Estratégia para a indústria 4.0 ",Pós-Graduação em Controladoria e Finanças,Estratégicas,Gestão Estratégica,4
Gestão por competências como modelo de gestão estratégica,Pós-Graduação em Gestão Empresarial,Técnicas,Gestão de Pessoas,4
Empreendedorismo: explorando o Universo,Pós-Graduação em Liderança para Transformação Digital 4.0,Estratégicas,Empreendedorismo,4
Introdução a Sistemas de Informação e Comunicação,Pós-Graduação em Liderança para Transformação Digital 4.0,Técnicas,Gestão Estratégica,4
Organizações que mudam e evoluem,Pós-Graduação em Gestão Educacional e Novas Tecnologias,Relacionais,Gestão de Pessoas,4
A interação homem-máquina,Extensão em Negócios e Inovação,Técnicas,Criatividade e Inovação,4
Mãos na massa! – Ferramentas para Criatividade e Inovação,Pós-Graduação em Controladoria e Finanças,Inovação,Criatividade e Inovação,4
"Estratégia para a indústria 4.0 ",Pós-Graduação em Liderança para Transformação Digital 4.0,Estratégicas,Gestão Estratégica,4
Educação 4.0: O que devemos esperar,Pós-Graduação em Controladoria e Finanças,Inovação,Inovação em Educação,4
Tudo que você precisa saber sobre logística reversa,Pós-Graduação em Liderança para Transformação Digital 4.0,Técnicas,Gestão Estratégica,4
Gerenciamento de portfólio: Escritório de Projetos,Extensão em Negócios e Inovação,Técnicas,Gestão de Projetos,4
"Gestão Ágil, Modular e Flexível",Pós-Graduação em Liderança para Transformação Digital 4.0,Técnicas,Gestão de Projetos,4
Organizações que mudam e evoluem,Pós-Graduação em Gerenciamento de Projetos,Relacionais,Gestão de Pessoas,4
O líder desenvolvendo equipes,Pós-Graduação em Gerenciamento de Projetos,Relacionais,Gestão de Pessoas,4
A experiência do consumidor 4.0,Pós-Graduação em Liderança para Transformação Digital 4.0,Técnicas,Marketing e Comunicação,4
Introdução a Sistemas de Informação e Comunicação,Pós-Graduação em Gestão Educacional e Novas Tecnologias,Técnicas,Gestão Estratégica,4
Gerenciamento de portfólio: Escritório de Projetos,Pós-Graduação em Controladoria e Finanças,Técnicas,Gestão de Projetos,4
Educação 4.0: O que devemos esperar,Extensão em Negócios e Inovação,Inovação,Inovação em Educação,4
Logística e a movimentação de materiais,Pós-Graduação em Liderança para Transformação Digital 4.0,Técnicas,Gestão Estratégica,4
Gestão Financeira na Educação,Extensão em Negócios e Inovação,Técnicas,Finanças,4
Games educativos: o jogo de aprender,Pós-Graduação em Controladoria e Finanças,Inovação,Inovação em Educação,2
Gestão por competências como modelo de gestão estratégica,Pós-Graduação em Gestão Educacional e Novas Tecnologias,Técnicas,Gestão de Pessoas,2
Games educativos: o jogo de aprender,Pós-Graduação em Gestão Empresarial,Inovação,Inovação em Educação,2
Design thinking para educadores: práticas e soluções para o cotidiano escolar,Extensão em Negócios e Inovação,Estratégicas,Inovação em Educação,2
Impulsionando a captação de dinheiro para novos negócios,Extensão em Negócios e Inovação,Estratégicas,Finanças,2
Gestão por competências como modelo de gestão estratégica,Pós-Graduação em Controladoria e Finanças,Técnicas,Gestão de Pessoas,2
Gestão escolar: espaço para a participação,Pós-Graduação em Controladoria e Finanças,Relacionais,Gestão Educacional,2
Crescendo de forma Sustentável,Extensão em Negócios e Inovação,Técnicas,Sustentabilidade,2
Uma caixa de ferramentas para o gerenciamento de projetos,Extensão em Negócios e Inovação,Inovação,Gestão de Projetos,2
O ciclo de vida de um projeto: do nascimento ao encerramento,Extensão em Negócios e Inovação,Técnicas,Gestão de Projetos,2
A sustentabilidade na era digital,Pós-Graduação em Controladoria e Finanças,Estratégicas,Sustentabilidade,2
Sem escopo não existe projeto,Pós-Graduação em Gestão Educacional e Novas Tecnologias,Técnicas,Gestão de Projetos,2
Sem escopo não existe projeto,Pós-Graduação em Controladoria e Finanças,Técnicas,Gestão de Projetos,2
A avaliação educacional é uma tarefa didática,Pós-Graduação em Controladoria e Finanças,Técnicas,Gestão Educacional,2
Gestão escolar: espaço para a participação,Extensão em Negócios e Inovação,Relacionais,Gestão Educacional,2
Comportamento organizacional,Pós-Graduação em Liderança para Transformação Digital 4.0,Relacionais,Gestão Estratégica,2
Business Intelligence e Analytics,Pós-Graduação em Liderança para Transformação Digital 4.0,Estratégicas,Database e Redes,2
"Gestão Ágil, Modular e Flexível",Extensão em Negócios e Inovação,Técnicas,Gestão de Projetos,2
Um olhar para o futuro com as Tendências e os Cenários Econômicos,Pós-Graduação em Gestão Educacional e Novas Tecnologias,Estratégicas,Economia,2
Tecnologias Facilitadoras e exponenciais,Pós-Graduação em Gestão Empresarial,Técnicas,Criatividade e Inovação,2
Um olhar para o futuro com as Tendências e os Cenários Econômicos,Extensão em Negócios e Inovação,Estratégicas,Economia,2
Crescendo de forma Sustentável,Pós-Graduação em Controladoria e Finanças,Técnicas,Sustentabilidade,2
O ciclo de vida de um projeto: do nascimento ao encerramento,Pós-Graduação em Liderança para Transformação Digital 4.0,Técnicas,Gestão de Projetos,2
Economia Empresarial ampliando a visão de negócios,Extensão em Negócios e Inovação,Estratégicas,Economia,2
"Gestão Ágil, Modular e Flexível",Pós-Graduação em Gestão Empresarial,Técnicas,Gestão de Projetos,2
Tecnologias Digitais e a escola do futuro,Pós-Graduação em Controladoria e Finanças,Técnicas,Inovação em Educação,2
Mãos na massa! – Ferramentas para Criatividade e Inovação,Pós-Graduação em Liderança para Transformação Digital 4.0,Inovação,Criatividade e Inovação,2
Captação e monetização para inovação,Pós-Graduação em Gestão Educacional e Novas Tecnologias,Estratégicas,Finanças,2
Planejamento Estratégico: diminuir riscos e promover o crescimento,Pós-Graduação em Liderança para Transformação Digital 4.0,Estratégicas,Gestão Estratégica,2
O ciclo de vida de um projeto: do nascimento ao encerramento,Pós-Graduação em Controladoria e Finanças,Técnicas,Gestão de Projetos,2
Um olhar para o futuro com as Tendências e os Cenários Econômicos,Pós-Graduação em Controladoria e Finanças,Estratégicas,Economia,2
Layout industrial inteligente,Pós-Graduação em Gestão Educacional e Novas Tecnologias,Técnicas,Gestão Estratégica,2
Empreendedorismo: explorando o Universo,Pós-Graduação em Gestão Empresarial,Estratégicas,Empreendedorismo,2
Gestão Financeira na Educação,Pós-Graduação em Controladoria e Finanças,Técnicas,Finanças,2
Captação e monetização para inovação,Pós-Graduação em Gestão Empresarial,Estratégicas,Finanças,2
Uma caixa de ferramentas para o gerenciamento de projetos,Pós-Graduação em Liderança para Transformação Digital 4.0,Inovação,Gestão de Projetos,2
Business Intelligence e Analytics,Extensão em Negócios e Inovação,Estratégicas,Database e Redes,2
Planejamento Estratégico: diminuir riscos e promover o crescimento,Pós-Graduação em Controladoria e Finanças,Estratégicas,Gestão Estratégica,2
Gestão por competências como modelo de gestão estratégica,Pós-Graduação em Liderança para Transformação Digital 4.0,Técnicas,Gestão de Pessoas,2