nome_blox,status,nome_curso,Record Count,area_conhecimento
Inovar para o sucesso!,ongoing,Extensão em Negócios e Inovação,1576,1
O comportamento humano,ongoing,Extensão em Negócios e Inovação,1170,1
"Conceitos de linguagem e comunicação: fala, escrita e técnicas de leitura",ongoing,Extensão em Negócios e Inovação,972,1
Planejar para empreender! Plano de negócios e Modelo de negócios,ongoing,Extensão em Negócios e Inovação,875,1
Comportamento organizacional,ongoing,Extensão em Negócios e Inovação,850,1
A magia da negociação,ongoing,Extensão em Negócios e Inovação,812,1
Como aprendemos: Teorias de Aprendizagem,ongoing,Extensão em Negócios e Inovação,762,1
Medindo o desempenho em Gestão de Pessoas,ongoing,Extensão em Negócios e Inovação,751,1
Contabilidade Para Não Contadores,ongoing,Extensão em Negócios e Inovação,702,1
O que um gestor precisa saber sobre didática,ongoing,Extensão em Negócios e Inovação,678,1
Design Thinking: a busca por soluções,ongoing,Extensão em Negócios e Inovação,582,1
Analisando dados estatísticos,ongoing,Extensão em Negócios e Inovação,576,1
Indicadores financeiros básicos,ongoing,Extensão em Negócios e Inovação,567,1
Gestão contábil e financeira,ongoing,Extensão em Negócios e Inovação,549,1
Valorização profissional – Retenção de profissionais,ongoing,Extensão em Negócios e Inovação,541,1
Montando uma seleção excelente de profissionais,ongoing,Extensão em Negócios e Inovação,503,1
A Gestão de Pessoas Contemporânea,cancelled,Extensão em Negócios e Inovação,498,1
Layout industrial inteligente,ongoing,Extensão em Negócios e Inovação,498,1
Introdução a Administração Financeira,ongoing,Extensão em Negócios e Inovação,483,1
O planejamento do ensino: preparando a aula,ongoing,Extensão em Negócios e Inovação,462,1
Gestão estratégica da tecnologia da informação,ongoing,Extensão em Negócios e Inovação,458,1
A Gestão de Pessoas Contemporânea,ongoing,Extensão em Negócios e Inovação,456,1
Gestão de Compras,ongoing,Extensão em Negócios e Inovação,438,1
Metodologias ágeis para desenvolvimento e melhoria de softwares,ongoing,Extensão em Negócios e Inovação,432,1
Entendendo as relações trabalhistas,ongoing,Extensão em Negócios e Inovação,425,1
Tipos e modelos de organizações,ongoing,Extensão em Negócios e Inovação,414,1
Conhecendo a estatística,ongoing,Extensão em Negócios e Inovação,414,1
O que é Direito Administrativo?,ongoing,Extensão em Negócios e Inovação,408,1
Refletindo sobre o nosso papel - como a filosofia nos ajuda a entender a sociedade,ongoing,Extensão em Negócios e Inovação,384,1
Entendendo Banco de Dados,ongoing,Extensão em Negócios e Inovação,372,1
Projeto e planejamento escolar,ongoing,Extensão em Negócios e Inovação,354,1
Juros e Empréstimos: a avaliação financeira de um projeto,ongoing,Extensão em Negócios e Inovação,351,1
Aprender brincando: ludicidade e pensamento pedagógico,ongoing,Extensão em Negócios e Inovação,348,1
"Ética e Responsabilidade Social ",ongoing,Extensão em Negócios e Inovação,347,1
Seja um coach,ongoing,Extensão em Negócios e Inovação,342,1
Como é o planejamento pedagógico?,ongoing,Extensão em Negócios e Inovação,342,1
Demonstrativos financeiros e contábeis,ongoing,Extensão em Negócios e Inovação,342,1
Fundamentos da pedagogia,ongoing,Extensão em Negócios e Inovação,330,1
O que você precisa saber sobre Linguagem SQL,ongoing,Extensão em Negócios e Inovação,324,1
O que é conhecimento?,ongoing,Extensão em Negócios e Inovação,312,1
Competitividade de mercado,ongoing,Extensão em Negócios e Inovação,306,1
Práticas de Mentoring,ongoing,Extensão em Negócios e Inovação,306,1
Paradigmas pedagógicos,ongoing,Extensão em Negócios e Inovação,294,1
Fundamentos da pedagogia,cancelled,Extensão em Negócios e Inovação,288,1
Cidadão consciente promove o desenvolvimento,ongoing,Extensão em Negócios e Inovação,282,1
Tudo que você precisa saber sobre logística reversa,ongoing,Extensão em Negócios e Inovação,272,1
Inovar para o sucesso!,cancelled,Extensão em Negócios e Inovação,268,1
Compras na Administração Pública,ongoing,Extensão em Negócios e Inovação,264,1
Introdução a Sistemas de Informação e Comunicação,ongoing,Extensão em Negócios e Inovação,254,1
Logística e a movimentação de materiais,ongoing,Extensão em Negócios e Inovação,252,1
"Conceitos de linguagem e comunicação: fala, escrita e técnicas de leitura",cancelled,Extensão em Negócios e Inovação,240,1
Gerenciamento de sistemas operacionais,ongoing,Extensão em Negócios e Inovação,234,1
O que você precisa saber sobre Linguagem SQL,cancelled,Extensão em Negócios e Inovação,234,1
Como é a sociedade brasileira?,ongoing,Extensão em Negócios e Inovação,234,1
Cidadão consciente promove o desenvolvimento,cancelled,Extensão em Negócios e Inovação,228,1
Contabilidade Para Não Contadores,cancelled,Extensão em Negócios e Inovação,222,1
O planejamento do ensino: preparando a aula,ongoing,Pós-Graduação lato sensu em Processos Inovadores de Ensino e Aprendizagem na Educação Básica (Sesi),222,1
Práticas de Mentoring,cancelled,Extensão em Negócios e Inovação,222,1
O planejamento do ensino: preparando a aula,ongoing,Pós-Graduação lato sensu em Processos Inovadores de ensino e aprendizagem na Educação Profissional (Senai),204,1
Gestão da Qualidade de Softwares,ongoing,Extensão em Negócios e Inovação,204,1
Concepções pedagógicas da avaliação,ongoing,Extensão em Negócios e Inovação,198,1
O comportamento humano,cancelled,Extensão em Negócios e Inovação,192,1
Até onde vai o impacto da inovação na educação,cancelled,Extensão em Negócios e Inovação,192,1
Sistemas operacionais para leigos,ongoing,Extensão em Negócios e Inovação,180,1
Sistemas de transporte de mercadorias,ongoing,Extensão em Negócios e Inovação,180,1
Competitividade de mercado,cancelled,Extensão em Negócios e Inovação,176,1
Matemática aplicada: conceitos fundamentais,ongoing,Extensão em Negócios e Inovação,174,1
O que um gestor precisa saber sobre didática,cancelled,Extensão em Negócios e Inovação,174,1
O planejamento do ensino: preparando a aula,cancelled,Extensão em Negócios e Inovação,168,1
A magia da negociação,cancelled,Extensão em Negócios e Inovação,160,1
Design Thinking: a busca por soluções,cancelled,Extensão em Negócios e Inovação,150,1
Como aprendemos: Teorias de Aprendizagem,ongoing,Pós-Graduação lato sensu em Processos Inovadores de Ensino e Aprendizagem na Educação Básica (Sesi),150,1
Aprender brincando: ludicidade e pensamento pedagógico,cancelled,Extensão em Negócios e Inovação,150,1
Projeto e planejamento escolar,ongoing,Pós-Graduação lato sensu em Processos Inovadores de Ensino e Aprendizagem na Educação Básica (Sesi),144,1
O que um gestor precisa saber sobre didática,ongoing,Pós-Graduação lato sensu em Processos Inovadores de ensino e aprendizagem na Educação Profissional (Senai),144,1
Metodologias ágeis para desenvolvimento e melhoria de softwares,cancelled,Extensão em Negócios e Inovação,144,1
O que é Educação Infantil?,cancelled,Extensão em Negócios e Inovação,144,1
Até onde vai o impacto da inovação na educação,ongoing,Extensão em Negócios e Inovação,144,1
Interligando redes de computadores,ongoing,Extensão em Negócios e Inovação,144,1
Matemática aplicada: Funções e equações,ongoing,Extensão em Negócios e Inovação,144,1
Comportamento organizacional,cancelled,Extensão em Negócios e Inovação,140,1
O que é conhecimento?,ongoing,Pós-Graduação lato sensu em Processos Inovadores de Ensino e Aprendizagem na Educação Básica (Sesi),138,1
O comportamento humano,ongoing,Pós-Graduação lato sensu em Processos Inovadores de Ensino e Aprendizagem na Educação Básica (Sesi),138,1
Aprender brincando: ludicidade e pensamento pedagógico,ongoing,Pós-Graduação lato sensu em Processos Inovadores de Ensino e Aprendizagem na Educação Básica (Sesi),138,1
Analisando dados estatísticos,cancelled,Extensão em Negócios e Inovação,132,1
Todos conectados: redes de computadores,ongoing,Extensão em Negócios e Inovação,132,1
Os desafios da prática pedagógica no ensino da língua escrita,ongoing,Extensão em Negócios e Inovação,132,1
Inovar para o sucesso!,ongoing,Pós-Graduação lato sensu em Processos Inovadores de Ensino e Aprendizagem na Educação Básica (Sesi),132,1
Paradigmas pedagógicos,ongoing,Pós-Graduação lato sensu em Processos Inovadores de Ensino e Aprendizagem na Educação Básica (Sesi),132,1
Planejar para empreender! Plano de negócios e Modelo de negócios,cancelled,Extensão em Negócios e Inovação,128,1
Como aprendemos: Teorias de Aprendizagem,cancelled,Extensão em Negócios e Inovação,126,1
"Conceitos de linguagem e comunicação: fala, escrita e técnicas de leitura",ongoing,Pós-Graduação lato sensu em Processos Inovadores de Ensino e Aprendizagem na Educação Básica (Sesi),120,1
Até onde vai o impacto da inovação na educação,ongoing,Pós-Graduação lato sensu em Processos Inovadores de Ensino e Aprendizagem na Educação Básica (Sesi),120,1
O que é Educação Básica?,ongoing,Pós-Graduação lato sensu em Processos Inovadores de Ensino e Aprendizagem na Educação Básica (Sesi),114,1
"Conceitos de linguagem e comunicação: fala, escrita e técnicas de leitura",ongoing,Pós-Graduação lato sensu em Processos Inovadores de ensino e aprendizagem na Educação Profissional (Senai),114,1
Avaliações internas e externas na educação,ongoing,Pós-Graduação lato sensu em Processos Inovadores de Ensino e Aprendizagem na Educação Básica (Sesi),114,1
Como funciona a EJA?,cancelled,Extensão em Negócios e Inovação,114,1
Compras na Administração Pública,cancelled,Extensão em Negócios e Inovação,108,1
O que é conhecimento?,ongoing,Pós-Graduação lato sensu em Processos Inovadores de ensino e aprendizagem na Educação Profissional (Senai),108,1
Seja um coach,cancelled,Extensão em Negócios e Inovação,102,1
Concepções pedagógicas da avaliação,ongoing,Pós-Graduação lato sensu em Processos Inovadores de Ensino e Aprendizagem na Educação Básica (Sesi),102,1
Fundamentos da pedagogia,ongoing,Pós-Graduação lato sensu em Processos Inovadores de Ensino e Aprendizagem na Educação Básica (Sesi),102,1
Cidadão consciente promove o desenvolvimento,ongoing,Pós-Graduação lato sensu em Processos Inovadores de Ensino e Aprendizagem na Educação Básica (Sesi),102,1
Conhecendo a estatística,cancelled,Extensão em Negócios e Inovação,102,1
Paradigmas pedagógicos,cancelled,Extensão em Negócios e Inovação,102,1
Competitividade de mercado,ongoing,Pós-Graduação lato sensu em Processos Inovadores de ensino e aprendizagem na Educação Profissional (Senai),102,1
Entendendo Banco de Dados,cancelled,Pós-Graduação em Gestão Empresarial,99,1
Layout industrial inteligente,cancelled,Extensão em Negócios e Inovação,96,1
Como é o planejamento pedagógico?,ongoing,Pós-Graduação lato sensu em Processos Inovadores de ensino e aprendizagem na Educação Profissional (Senai),96,1
O que é Educação Básica?,ongoing,Extensão em Negócios e Inovação,96,1
Como funciona a EJA?,ongoing,Extensão em Negócios e Inovação,96,1
Valorização profissional – Retenção de profissionais,cancelled,Extensão em Negócios e Inovação,96,1
A Gestão de Pessoas Contemporânea,cancelled,Pós-Graduação lato sensu em Processos Inovadores de ensino e aprendizagem na Educação Profissional (Senai),96,1
Montando uma seleção excelente de profissionais,cancelled,Extensão em Negócios e Inovação,92,1
Indicadores financeiros básicos,cancelled,Extensão em Negócios e Inovação,92,1
Como é o planejamento pedagógico?,cancelled,Extensão em Negócios e Inovação,90,1
Desafios da EJA,ongoing,Extensão em Negócios e Inovação,90,1
O que é Direito Administrativo?,cancelled,Extensão em Negócios e Inovação,90,1
Gestão de Compras,cancelled,Extensão em Negócios e Inovação,90,1
Inovar para o sucesso!,ongoing,Pós-Graduação lato sensu em Processos Inovadores de ensino e aprendizagem na Educação Profissional (Senai),84,1
Como aprendemos: Teorias de Aprendizagem,ongoing,Pós-Graduação lato sensu em Processos Inovadores de ensino e aprendizagem na Educação Profissional (Senai),84,1
Cidadão consciente promove o desenvolvimento,ongoing,Pós-Graduação lato sensu em Processos Inovadores de ensino e aprendizagem na Educação Profissional (Senai),84,1
Avaliações internas e externas na educação,cancelled,Extensão em Negócios e Inovação,84,1
Ferramentas para Educação Infantil,ongoing,Extensão em Negócios e Inovação,84,1
O que você precisa saber sobre Linguagem SQL,ongoing,Pós-Graduação lato sensu em Processos Inovadores de ensino e aprendizagem na Educação Profissional (Senai),84,1
Gestão estratégica da tecnologia da informação,cancelled,Extensão em Negócios e Inovação,84,1
Tipos e modelos de organizações,cancelled,Extensão em Negócios e Inovação,84,1
Projeto e planejamento escolar,ongoing,Pós-Graduação lato sensu em Processos Inovadores de ensino e aprendizagem na Educação Profissional (Senai),84,1
Avaliações internas e externas na educação,ongoing,Extensão em Negócios e Inovação,84,1
Educação 4.0: O que devemos esperar,cancelled,Pós-Graduação em Gestão Empresarial,81,1
Tudo que você precisa saber sobre logística reversa,cancelled,Pós-Graduação em Gestão Empresarial,81,1
Demonstrativos financeiros e contábeis,cancelled,Pós-Graduação em Gestão Empresarial,81,1
Práticas de Mentoring,cancelled,Pós-Graduação lato sensu em Processos Inovadores de ensino e aprendizagem na Educação Profissional (Senai),78,1
Gerenciamento de sistemas operacionais,cancelled,Extensão em Negócios e Inovação,78,1
Como é a sociedade brasileira?,cancelled,Extensão em Negócios e Inovação,78,1
Como é o planejamento pedagógico?,ongoing,Pós-Graduação lato sensu em Processos Inovadores de Ensino e Aprendizagem na Educação Básica (Sesi),78,1
O que é Educação Infantil?,ongoing,Extensão em Negócios e Inovação,78,1
Como funciona a EJA?,ongoing,Pós-Graduação lato sensu em Processos Inovadores de Ensino e Aprendizagem na Educação Básica (Sesi),78,1
Aprender brincando: ludicidade e pensamento pedagógico,ongoing,Pós-Graduação lato sensu em Processos Inovadores de ensino e aprendizagem na Educação Profissional (Senai),78,1
Refletindo sobre o nosso papel - como a filosofia nos ajuda a entender a sociedade,ongoing,Pós-Graduação lato sensu em Processos Inovadores de Ensino e Aprendizagem na Educação Básica (Sesi),78,1
Refletindo sobre o nosso papel - como a filosofia nos ajuda a entender a sociedade,cancelled,Extensão em Negócios e Inovação,72,1
A Gestão de Pessoas Contemporânea,cancelled,Pós-Graduação lato sensu em Processos Inovadores de Ensino e Aprendizagem na Educação Básica (Sesi),72,1
Até onde vai o impacto da inovação na educação,cancelled,Pós-Graduação lato sensu em Processos Inovadores de ensino e aprendizagem na Educação Profissional (Senai),72,1
Como é a sociedade brasileira?,ongoing,Pós-Graduação lato sensu em Processos Inovadores de Ensino e Aprendizagem na Educação Básica (Sesi),72,1
Tudo que você precisa saber sobre logística reversa,cancelled,Extensão em Negócios e Inovação,72,1
O que é Educação Infantil?,cancelled,Pós-Graduação lato sensu em Processos Inovadores de Ensino e Aprendizagem na Educação Básica (Sesi),72,1
Concepções pedagógicas da avaliação,ongoing,Pós-Graduação lato sensu em Processos Inovadores de ensino e aprendizagem na Educação Profissional (Senai),72,1
Desafios da EJA,ongoing,Pós-Graduação lato sensu em Processos Inovadores de Ensino e Aprendizagem na Educação Básica (Sesi),72,1
"Ética e Responsabilidade Social ",cancelled,Extensão em Negócios e Inovação,68,1
O que um gestor precisa saber sobre didática,ongoing,Pós-Graduação lato sensu em Processos Inovadores de Ensino e Aprendizagem na Educação Básica (Sesi),66,1
O que é Educação Infantil?,ongoing,Pós-Graduação lato sensu em Processos Inovadores de Ensino e Aprendizagem na Educação Básica (Sesi),66,1
"Ética e Responsabilidade Social ",ongoing,Pós-Graduação lato sensu em Processos Inovadores de Ensino e Aprendizagem na Educação Básica (Sesi),66,1
Como é a sociedade brasileira?,ongoing,Pós-Graduação lato sensu em Processos Inovadores de ensino e aprendizagem na Educação Profissional (Senai),66,1
Como funciona a EJA?,ongoing,Pós-Graduação lato sensu em Processos Inovadores de ensino e aprendizagem na Educação Profissional (Senai),66,1
Contabilidade Para Não Contadores,ongoing,Pós-Graduação lato sensu em Processos Inovadores de ensino e aprendizagem na Educação Profissional (Senai),66,1
O que é Educação Infantil?,ongoing,Pós-Graduação lato sensu em Processos Inovadores de ensino e aprendizagem na Educação Profissional (Senai),66,1
Avaliações internas e externas na educação,ongoing,Pós-Graduação lato sensu em Processos Inovadores de ensino e aprendizagem na Educação Profissional (Senai),66,1
Competitividade de mercado,cancelled,Pós-Graduação em Gestão Empresarial,63,1
Introdução a Administração Financeira,cancelled,Extensão em Negócios e Inovação,62,1
Demonstrativos financeiros e contábeis,cancelled,Extensão em Negócios e Inovação,62,1
Competitividade de mercado,ongoing,Pós-Graduação lato sensu em Processos Inovadores de Ensino e Aprendizagem na Educação Básica (Sesi),60,1
A Gestão de Pessoas Contemporânea,ongoing,Pós-Graduação lato sensu em Processos Inovadores de Ensino e Aprendizagem na Educação Básica (Sesi),60,1
O comportamento humano,ongoing,Pós-Graduação lato sensu em Processos Inovadores de ensino e aprendizagem na Educação Profissional (Senai),60,1
Sistemas de transporte de mercadorias,cancelled,Extensão em Negócios e Inovação,60,1
Desafios da EJA,cancelled,Extensão em Negócios e Inovação,60,1
Layout industrial inteligente,ongoing,Pós-Graduação lato sensu em Processos Inovadores de ensino e aprendizagem na Educação Profissional (Senai),60,1
A Gestão de Pessoas Contemporânea,ongoing,Pós-Graduação lato sensu em Processos Inovadores de ensino e aprendizagem na Educação Profissional (Senai),60,1
Fundamentos da pedagogia,ongoing,Pós-Graduação lato sensu em Processos Inovadores de ensino e aprendizagem na Educação Profissional (Senai),60,1
Concepções pedagógicas da avaliação,cancelled,Extensão em Negócios e Inovação,60,1
Práticas de Mentoring,ongoing,Pós-Graduação lato sensu em Processos Inovadores de ensino e aprendizagem na Educação Profissional (Senai),60,1
Juros e Empréstimos: a avaliação financeira de um projeto,cancelled,Extensão em Negócios e Inovação,56,1
Paradigmas pedagógicos,ongoing,Pós-Graduação lato sensu em Processos Inovadores de ensino e aprendizagem na Educação Profissional (Senai),54,1
Até onde vai o impacto da inovação na educação,ongoing,Pós-Graduação lato sensu em Processos Inovadores de ensino e aprendizagem na Educação Profissional (Senai),54,1
Medindo o desempenho em Gestão de Pessoas,cancelled,Extensão em Negócios e Inovação,54,1
O ciclo de vida de um projeto: do nascimento ao encerramento,cancelled,Pós-Graduação em Gestão Empresarial,54,1
Montando uma seleção excelente de profissionais,ongoing,Pós-Graduação em Controladoria e Finanças,54,1
Montando uma seleção excelente de profissionais,ongoing,Pós-Graduação em Gestão Estratégica de Pessoas,54,1
Sistemas operacionais para leigos,cancelled,Extensão em Negócios e Inovação,54,1
Projeto e planejamento escolar,cancelled,Extensão em Negócios e Inovação,54,1
Práticas de Mentoring,cancelled,Pós-Graduação lato sensu em Processos Inovadores de Ensino e Aprendizagem na Educação Básica (Sesi),54,1
Entendendo as relações trabalhistas,cancelled,Extensão em Negócios e Inovação,54,1
"Ética e Responsabilidade Social ",cancelled,Pós-Graduação em Gestão Estratégica de Pessoas,54,1
O que você precisa saber sobre Linguagem SQL,ongoing,Pós-Graduação lato sensu em Processos Inovadores de Ensino e Aprendizagem na Educação Básica (Sesi),54,1
O que é Educação Básica?,cancelled,Pós-Graduação lato sensu em Processos Inovadores de Ensino e Aprendizagem na Educação Básica (Sesi),54,1
Aprender brincando: ludicidade e pensamento pedagógico,cancelled,Pós-Graduação lato sensu em Processos Inovadores de Ensino e Aprendizagem na Educação Básica (Sesi),54,1
Gestão contábil e financeira,cancelled,Extensão em Negócios e Inovação,52,1
Matemática Financeira: Análise financeira de Juros,ongoing,Pós-Graduação em Controladoria e Finanças,49,1
Matemática aplicada: conceitos fundamentais,cancelled,Extensão em Negócios e Inovação,48,1
O planejamento do ensino: preparando a aula,cancelled,Pós-Graduação lato sensu em Processos Inovadores de ensino e aprendizagem na Educação Profissional (Senai),48,1
Planejar para empreender! Plano de negócios e Modelo de negócios,ongoing,Pós-Graduação lato sensu em Processos Inovadores de ensino e aprendizagem na Educação Profissional (Senai),48,1
Ferramentas para Educação Infantil,ongoing,Pós-Graduação lato sensu em Processos Inovadores de Ensino e Aprendizagem na Educação Básica (Sesi),48,1
Cidadão consciente promove o desenvolvimento,cancelled,Pós-Graduação lato sensu em Processos Inovadores de ensino e aprendizagem na Educação Profissional (Senai),48,1
"Ética e Responsabilidade Social ",cancelled,Pós-Graduação em Gestão Educacional e Novas Tecnologias,47,1
Matemática aplicada: Funções e equações,cancelled,Extensão em Negócios e Inovação,42,1
Comportamento organizacional,ongoing,Pós-Graduação lato sensu em Processos Inovadores de ensino e aprendizagem na Educação Profissional (Senai),42,1
Criando projeto de estágio para educação infantil,ongoing,Extensão em Negócios e Inovação,42,1
Seja um coach,ongoing,Pós-Graduação lato sensu em Processos Inovadores de ensino e aprendizagem na Educação Profissional (Senai),42,1
Desafios da EJA,ongoing,Pós-Graduação lato sensu em Processos Inovadores de ensino e aprendizagem na Educação Profissional (Senai),42,1
Montando uma seleção excelente de profissionais,ongoing,Pós-Graduação lato sensu em Processos Inovadores de ensino e aprendizagem na Educação Profissional (Senai),42,1
Tipos e modelos de organizações,ongoing,Pós-Graduação lato sensu em Processos Inovadores de ensino e aprendizagem na Educação Profissional (Senai),42,1
Metodologias ágeis para desenvolvimento e melhoria de softwares,ongoing,Pós-Graduação lato sensu em Processos Inovadores de Ensino e Aprendizagem na Educação Básica (Sesi),42,1
Valorização profissional – Retenção de profissionais,cancelled,Pós-Graduação em Gestão Estratégica de Pessoas,36,1
Avaliações internas e externas na educação,cancelled,Pós-Graduação lato sensu em Processos Inovadores de Ensino e Aprendizagem na Educação Básica (Sesi),36,1
Entendendo Banco de Dados,cancelled,Extensão em Negócios e Inovação,36,1
Seja um coach,cancelled,Pós-Graduação lato sensu em Processos Inovadores de Ensino e Aprendizagem na Educação Básica (Sesi),36,1
O que é Educação Infantil?,cancelled,Pós-Graduação lato sensu em Processos Inovadores de ensino e aprendizagem na Educação Profissional (Senai),36,1
Metodologias ágeis para desenvolvimento e melhoria de softwares,ongoing,Pós-Graduação lato sensu em Processos Inovadores de ensino e aprendizagem na Educação Profissional (Senai),36,1
O que é conhecimento?,cancelled,Extensão em Negócios e Inovação,36,1
Os desafios da prática pedagógica no ensino da língua escrita,ongoing,Pós-Graduação lato sensu em Processos Inovadores de Ensino e Aprendizagem na Educação Básica (Sesi),36,1
Como é o planejamento pedagógico?,cancelled,Pós-Graduação lato sensu em Processos Inovadores de Ensino e Aprendizagem na Educação Básica (Sesi),36,1
Valorização profissional – Retenção de profissionais,ongoing,Pós-Graduação lato sensu em Processos Inovadores de ensino e aprendizagem na Educação Profissional (Senai),36,1
Como funciona a EJA?,cancelled,Pós-Graduação lato sensu em Processos Inovadores de ensino e aprendizagem na Educação Profissional (Senai),30,1
O planejamento do ensino: preparando a aula,cancelled,Pós-Graduação lato sensu em Processos Inovadores de Ensino e Aprendizagem na Educação Básica (Sesi),30,1
Criando projeto de estágio para educação infantil,ongoing,Pós-Graduação lato sensu em Processos Inovadores de Ensino e Aprendizagem na Educação Básica (Sesi),30,1
Logística e a movimentação de materiais,ongoing,Pós-Graduação lato sensu em Processos Inovadores de ensino e aprendizagem na Educação Profissional (Senai),30,1
Cidadão consciente promove o desenvolvimento,cancelled,Pós-Graduação lato sensu em Processos Inovadores de Ensino e Aprendizagem na Educação Básica (Sesi),30,1
Como aprendemos: Teorias de Aprendizagem,cancelled,Pós-Graduação lato sensu em Processos Inovadores de Ensino e Aprendizagem na Educação Básica (Sesi),30,1
O comportamento humano,pending,Extensão em Negócios e Inovação,30,1
Indicadores financeiros básicos,ongoing,Pós-Graduação lato sensu em Processos Inovadores de ensino e aprendizagem na Educação Profissional (Senai),30,1
Tudo que você precisa saber sobre logística reversa,ongoing,Pós-Graduação lato sensu em Processos Inovadores de Ensino e Aprendizagem na Educação Básica (Sesi),30,1
"Conceitos de linguagem e comunicação: fala, escrita e técnicas de leitura",cancelled,Pós-Graduação lato sensu em Processos Inovadores de ensino e aprendizagem na Educação Profissional (Senai),30,1
"Conceitos de linguagem e comunicação: fala, escrita e técnicas de leitura",pending,Extensão em Negócios e Inovação,30,1
Como funciona a EJA?,cancelled,Pós-Graduação lato sensu em Processos Inovadores de Ensino e Aprendizagem na Educação Básica (Sesi),30,1
Introdução a Sistemas de Informação e Comunicação,cancelled,Extensão em Negócios e Inovação,30,1
Gestão de Compras,ongoing,Pós-Graduação lato sensu em Processos Inovadores de ensino e aprendizagem na Educação Profissional (Senai),30,1
Competitividade de mercado,cancelled,Pós-Graduação lato sensu em Processos Inovadores de ensino e aprendizagem na Educação Profissional (Senai),30,1
Logística e a movimentação de materiais,cancelled,Extensão em Negócios e Inovação,30,1
Inovar para o sucesso!,pending,Extensão em Negócios e Inovação,30,1
Juros e Empréstimos: a avaliação financeira de um projeto,ongoing,Pós-Graduação em Controladoria e Finanças,29,1
Passo a passo da Gestão Estratégica de Vendas,ongoing,Pós-Graduação em Controladoria e Finanças,29,1
Comportamento organizacional,cancelled,Pós-Graduação em Gestão Educacional e Novas Tecnologias,28,1
Planejar para empreender! Plano de negócios e Modelo de negócios,ongoing,Pós-Graduação em Gestão Estratégica de Pessoas,27,1
Mãos na massa! – Ferramentas para Criatividade e Inovação,cancelled,Pós-Graduação em Gestão Empresarial,27,1
Business Intelligence e Analytics,cancelled,Pós-Graduação em Gestão Empresarial,27,1
Metodologias ativas em que o aluno é protagonista do aprendizado,cancelled,Pós-Graduação em Gestão Empresarial,27,1
Medindo o desempenho em Gestão de Pessoas,ongoing,Pós-Graduação em Controladoria e Finanças,27,1
Medindo o desempenho em Gestão de Pessoas,ongoing,Pós-Graduação em Gestão Estratégica de Pessoas,27,1
Medindo o desempenho em Gestão de Pessoas,cancelled,Pós-Graduação em Gestão Empresarial,27,1
Gestão contábil e financeira,cancelled,Pós-Graduação em Gestão Estratégica de Pessoas,27,1
Juros e Empréstimos: a avaliação financeira de um projeto,cancelled,Pós-Graduação em Gestão Estratégica de Pessoas,27,1
Gestão estratégica da tecnologia da informação,cancelled,Pós-Graduação em Gestão Estratégica de Pessoas,27,1
Inovar para o sucesso!,cancelled,Pós-Graduação em Gestão Empresarial,27,1
A magia da negociação,ongoing,Pós-Graduação em Gestão Estratégica de Pessoas,27,1
Planejar para empreender! Plano de negócios e Modelo de negócios,ongoing,Pós-Graduação em Controladoria e Finanças,27,1
Inovar para o sucesso!,ongoing,Pós-Graduação em Controladoria e Finanças,27,1
"Estratégia para a indústria 4.0 ",cancelled,Pós-Graduação em Gestão Empresarial,27,1
"Gestão de Projetos Educacionais ",pending,Pós-Graduação em Gestão Empresarial,26,1
A magia da negociação,ongoing,Pós-Graduação lato sensu em Processos Inovadores de ensino e aprendizagem na Educação Profissional (Senai),24,1
Refletindo sobre o nosso papel - como a filosofia nos ajuda a entender a sociedade,ongoing,Pós-Graduação lato sensu em Processos Inovadores de ensino e aprendizagem na Educação Profissional (Senai),24,1
Contabilidade Para Não Contadores,ongoing,Pós-Graduação lato sensu em Processos Inovadores de Ensino e Aprendizagem na Educação Básica (Sesi),24,1
"Conceitos de linguagem e comunicação: fala, escrita e técnicas de leitura",cancelled,Pós-Graduação lato sensu em Processos Inovadores de Ensino e Aprendizagem na Educação Básica (Sesi),24,1
Contabilidade Para Não Contadores,pending,Extensão em Negócios e Inovação,24,1
Conhecendo a estatística,ongoing,Pós-Graduação lato sensu em Processos Inovadores de ensino e aprendizagem na Educação Profissional (Senai),24,1
Comportamento organizacional,ongoing,Pós-Graduação lato sensu em Processos Inovadores de Ensino e Aprendizagem na Educação Básica (Sesi),24,1
Projeto e planejamento escolar,cancelled,Pós-Graduação lato sensu em Processos Inovadores de ensino e aprendizagem na Educação Profissional (Senai),24,1
Competitividade de mercado,cancelled,Pós-Graduação lato sensu em Processos Inovadores de Ensino e Aprendizagem na Educação Básica (Sesi),24,1
Matemática aplicada: conceitos fundamentais,ongoing,Pós-Graduação lato sensu em Processos Inovadores de ensino e aprendizagem na Educação Profissional (Senai),24,1
Aprender brincando: ludicidade e pensamento pedagógico,cancelled,Pós-Graduação lato sensu em Processos Inovadores de ensino e aprendizagem na Educação Profissional (Senai),24,1
Entendendo as relações trabalhistas,ongoing,Pós-Graduação lato sensu em Processos Inovadores de ensino e aprendizagem na Educação Profissional (Senai),24,1
Como é o planejamento pedagógico?,cancelled,Pós-Graduação lato sensu em Processos Inovadores de ensino e aprendizagem na Educação Profissional (Senai),24,1
Interligando redes de computadores,ongoing,Pós-Graduação lato sensu em Processos Inovadores de ensino e aprendizagem na Educação Profissional (Senai),24,1
Como é a sociedade brasileira?,cancelled,Pós-Graduação lato sensu em Processos Inovadores de ensino e aprendizagem na Educação Profissional (Senai),24,1
Inovar para o sucesso!,cancelled,Pós-Graduação lato sensu em Processos Inovadores de ensino e aprendizagem na Educação Profissional (Senai),24,1
Sistemas operacionais para leigos,ongoing,Pós-Graduação lato sensu em Processos Inovadores de Ensino e Aprendizagem na Educação Básica (Sesi),24,1
O comportamento humano,cancelled,Pós-Graduação lato sensu em Processos Inovadores de Ensino e Aprendizagem na Educação Básica (Sesi),24,1
Ferramentas para Educação Infantil,cancelled,Extensão em Negócios e Inovação,24,1
Cidadão consciente promove o desenvolvimento,pending,Extensão em Negócios e Inovação,24,1
Medindo o desempenho em Gestão de Pessoas,pending,Extensão em Negócios e Inovação,24,1
Medindo o desempenho em Gestão de Pessoas,ongoing,Pós-Graduação lato sensu em Processos Inovadores de ensino e aprendizagem na Educação Profissional (Senai),24,1
Avaliações internas e externas na educação,cancelled,Pós-Graduação lato sensu em Processos Inovadores de ensino e aprendizagem na Educação Profissional (Senai),24,1
Tudo que você precisa saber sobre logística reversa,ongoing,Pós-Graduação lato sensu em Processos Inovadores de ensino e aprendizagem na Educação Profissional (Senai),24,1
O que você precisa saber sobre Linguagem SQL,pending,Extensão em Negócios e Inovação,24,1
O que você precisa saber sobre Linguagem SQL,cancelled,Pós-Graduação lato sensu em Processos Inovadores de ensino e aprendizagem na Educação Profissional (Senai),24,1
Gestão do conhecimento,ongoing,Pós-Graduação em Controladoria e Finanças,22,1
Medindo o desempenho em Gestão de Pessoas,cancelled,Pós-Graduação em Gestão Educacional e Novas Tecnologias,22,1
A experiência do consumidor 4.0,ongoing,Pós-Graduação em Controladoria e Finanças,22,1
Introdução a Administração Financeira,cancelled,Pós-Graduação em Gestão Educacional e Novas Tecnologias,22,1
Impulsionando a captação de dinheiro para novos negócios,ongoing,Pós-Graduação em Controladoria e Finanças,22,1
Montando uma seleção excelente de profissionais,ongoing,Curso teste Unique,20,1
Gestão estratégica da tecnologia da informação,cancelled,Pós-Graduação em Gestão Educacional e Novas Tecnologias,20,1
Business Intelligence e Analytics,ongoing,Pós-Graduação em Controladoria e Finanças,20,1
Indicadores financeiros básicos,cancelled,Pós-Graduação em Gestão Educacional e Novas Tecnologias,20,1
Valorização profissional – Retenção de profissionais,cancelled,Pós-Graduação em Gestão Educacional e Novas Tecnologias,20,1
Indicadores financeiros básicos,ongoing,Pós-Graduação em Controladoria e Finanças,20,1
O líder desenvolvendo equipes,ongoing,Pós-Graduação em Controladoria e Finanças,20,1
"Gestão Ágil, Modular e Flexível",ongoing,Pós-Graduação em Controladoria e Finanças,20,1
Características e inteligências do líder na transformação digital,ongoing,Pós-Graduação em Controladoria e Finanças,20,1
"Ética e Responsabilidade Social ",ongoing,Pós-Graduação em Controladoria e Finanças,20,1
Uma caixa de ferramentas para o gerenciamento de projetos,ongoing,Pós-Graduação em Controladoria e Finanças,20,1
"Ética e Responsabilidade Social ",pending,Pós-Graduação em Gestão Empresarial,20,1
Organizações que mudam e evoluem,ongoing,Curso teste Unique,20,1
Planejar para empreender! Plano de negócios e Modelo de negócios,ongoing,Pós-Graduação em Liderança para Transformação Digital 4.0,19,1
Inovar para o sucesso!,cancelled,Pós-Graduação em Gestão Educacional e Novas Tecnologias,19,1
Inovar para o sucesso!,cancelled,Pós-Graduação em Liderança para Transformação Digital 4.0,19,1
Introdução a Administração Financeira,cancelled,Pós-Graduação em Gestão Estratégica de Pessoas,18,1
Gerenciamento de sistemas operacionais,pending,Extensão em Negócios e Inovação,18,1
Seja um coach,cancelled,Pós-Graduação lato sensu em Processos Inovadores de ensino e aprendizagem na Educação Profissional (Senai),18,1
Tipos e modelos de organizações,pending,Extensão em Negócios e Inovação,18,1
Uma caixa de ferramentas para o gerenciamento de projetos,cancelled,Pós-Graduação em Gestão Empresarial,18,1
Uma caixa de ferramentas para o gerenciamento de projetos,cancelled,Pós-Graduação em Gerenciamento de Projetos,18,1
Logística e a movimentação de materiais,pending,Extensão em Negócios e Inovação,18,1
Tudo que você precisa saber sobre logística reversa,cancelled,Pós-Graduação em Gestão Educacional e Novas Tecnologias,18,1
Os desafios da prática pedagógica no ensino da língua escrita,ongoing,Pós-Graduação lato sensu em Processos Inovadores de ensino e aprendizagem na Educação Profissional (Senai),18,1
O que é conhecimento?,cancelled,Pós-Graduação lato sensu em Processos Inovadores de Ensino e Aprendizagem na Educação Básica (Sesi),18,1
A Gestão de Pessoas Contemporânea,pending,Extensão em Negócios e Inovação,18,1
Comportamento organizacional,pending,Extensão em Negócios e Inovação,18,1
Juros e Empréstimos: a avaliação financeira de um projeto,cancelled,Pós-Graduação em Gerenciamento de Projetos,18,1
Todos conectados: redes de computadores,cancelled,Extensão em Negócios e Inovação,18,1
O que um gestor precisa saber sobre didática,cancelled,Pós-Graduação lato sensu em Processos Inovadores de ensino e aprendizagem na Educação Profissional (Senai),18,1
Matemática aplicada: Funções e equações,ongoing,Pós-Graduação lato sensu em Processos Inovadores de ensino e aprendizagem na Educação Profissional (Senai),18,1
O que é Educação Básica?,ongoing,Pós-Graduação lato sensu em Processos Inovadores de ensino e aprendizagem na Educação Profissional (Senai),18,1
Design Thinking: a busca por soluções,pending,Extensão em Negócios e Inovação,18,1
Comportamento organizacional,cancelled,Pós-Graduação em Gestão Empresarial,18,1
Seja um coach,ongoing,Pós-Graduação lato sensu em Processos Inovadores de Ensino e Aprendizagem na Educação Básica (Sesi),18,1
Contabilidade Para Não Contadores,cancelled,Pós-Graduação lato sensu em Processos Inovadores de ensino e aprendizagem na Educação Profissional (Senai),18,1
Indicadores financeiros básicos,cancelled,Pós-Graduação em Gestão Empresarial,18,1
Juros e Empréstimos: a avaliação financeira de um projeto,cancelled,Pós-Graduação em Liderança para Transformação Digital 4.0,18,1
Gestão da Qualidade de Softwares,cancelled,Extensão em Negócios e Inovação,18,1
Até onde vai o impacto da inovação na educação,cancelled,Pós-Graduação lato sensu em Processos Inovadores de Ensino e Aprendizagem na Educação Básica (Sesi),18,1
Comportamento organizacional,ongoing,Pós-Graduação em Gestão Estratégica de Pessoas,18,1
Entendendo Banco de Dados,cancelled,Pós-Graduação lato sensu em Processos Inovadores de ensino e aprendizagem na Educação Profissional (Senai),18,1
Refletindo sobre o nosso papel - como a filosofia nos ajuda a entender a sociedade,pending,Extensão em Negócios e Inovação,18,1
Fundamentos da pedagogia,cancelled,Pós-Graduação lato sensu em Processos Inovadores de ensino e aprendizagem na Educação Profissional (Senai),18,1
Entendendo Banco de Dados,ongoing,Pós-Graduação lato sensu em Processos Inovadores de ensino e aprendizagem na Educação Profissional (Senai),18,1
Demonstrativos financeiros e contábeis,cancelled,Pós-Graduação em Gestão Estratégica de Pessoas,18,1
O que você precisa saber sobre Linguagem SQL,cancelled,Pós-Graduação lato sensu em Processos Inovadores de Ensino e Aprendizagem na Educação Básica (Sesi),18,1
"Estratégia para a indústria 4.0 ",pending,Pós-Graduação em Gestão Empresarial,18,1
Cidadão consciente promove o desenvolvimento,pending,Pós-Graduação lato sensu em Processos Inovadores de ensino e aprendizagem na Educação Profissional (Senai),18,1
Inovar para o sucesso!,cancelled,Pós-Graduação lato sensu em Processos Inovadores de Ensino e Aprendizagem na Educação Básica (Sesi),18,1
"Ética e Responsabilidade Social ",pending,Extensão em Negócios e Inovação,18,1
Montando uma seleção excelente de profissionais,cancelled,Pós-Graduação em Gestão Empresarial,18,1
Aprender brincando: ludicidade e pensamento pedagógico,pending,Extensão em Negócios e Inovação,18,1
Entendendo as relações trabalhistas,cancelled,Pós-Graduação em Gestão Estratégica de Pessoas,18,1
Entendendo as relações trabalhistas,ongoing,Pós-Graduação em Gestão Estratégica de Pessoas,18,1
Gestão estratégica da tecnologia da informação,ongoing,Pós-Graduação em Liderança para Transformação Digital 4.0,17,1
A magia da negociação,cancelled,Pós-Graduação em Gestão Educacional e Novas Tecnologias,17,1
Montando uma seleção excelente de profissionais,cancelled,Pós-Graduação em Gestão Educacional e Novas Tecnologias,17,1
Montando uma seleção excelente de profissionais,pending,Pós-Graduação em Gestão Empresarial,15,1
Montando uma seleção excelente de profissionais,ongoing,Pós-Graduação em Liderança para Transformação Digital 4.0,15,1
A magia da negociação,cancelled,Pós-Graduação em Liderança para Transformação Digital 4.0,15,1
A magia da negociação,ongoing,Pós-Graduação em Controladoria e Finanças,15,1
Tecnologias Facilitadoras e exponenciais,cancelled,Pós-Graduação em Gestão Educacional e Novas Tecnologias,13,1
Inovar para o sucesso!,ongoing,Pós-Graduação em Gerenciamento de Projetos,13,1
Gerenciamento de portfólio: Escritório de Projetos,ongoing,Pós-Graduação em Gerenciamento de Projetos,13,1
Planejar para empreender! Plano de negócios e Modelo de negócios,cancelled,Pós-Graduação em Gestão Educacional e Novas Tecnologias,13,1
Gestão contábil e financeira,pending,Pós-Graduação em Gestão Empresarial,13,1
Matemática Financeira: Análise financeira de Juros,cancelled,Pós-Graduação em Gestão Educacional e Novas Tecnologias,13,1
Matemática aplicada: conceitos fundamentais,cancelled,Pós-Graduação lato sensu em Processos Inovadores de ensino e aprendizagem na Educação Profissional (Senai),12,1
"Gestão de Projetos Educacionais ",cancelled,Pós-Graduação em Gestão Educacional e Novas Tecnologias,12,1
Montando uma seleção excelente de profissionais,pending,Extensão em Negócios e Inovação,12,1
Gestão estratégica da tecnologia da informação,pending,Extensão em Negócios e Inovação,12,1
Tipos e modelos de organizações,pending,Pós-Graduação lato sensu em Processos Inovadores de ensino e aprendizagem na Educação Profissional (Senai),12,1
Gestão da Qualidade de Softwares,pending,Extensão em Negócios e Inovação,12,1
Os desafios da prática pedagógica no ensino da língua escrita,cancelled,Extensão em Negócios e Inovação,12,1
A magia da negociação,pending,Extensão em Negócios e Inovação,12,1
Montando uma seleção excelente de profissionais,ongoing,Pós-Graduação lato sensu em Processos Inovadores de Ensino e Aprendizagem na Educação Básica (Sesi),12,1
Gestão estratégica da tecnologia da informação,ongoing,Pós-Graduação lato sensu em Processos Inovadores de ensino e aprendizagem na Educação Profissional (Senai),12,1
O que um gestor precisa saber sobre didática,cancelled,Pós-Graduação lato sensu em Processos Inovadores de Ensino e Aprendizagem na Educação Básica (Sesi),12,1
Os desafios da prática pedagógica no ensino da língua escrita,pending,Extensão em Negócios e Inovação,12,1
Metodologias ágeis para desenvolvimento e melhoria de softwares,cancelled,Pós-Graduação lato sensu em Processos Inovadores de Ensino e Aprendizagem na Educação Básica (Sesi),12,1
Metodologias ágeis para desenvolvimento e melhoria de softwares,pending,Extensão em Negócios e Inovação,12,1
O que é Educação Infantil?,pending,Extensão em Negócios e Inovação,12,1
Gerenciamento de sistemas operacionais,ongoing,Pós-Graduação lato sensu em Processos Inovadores de ensino e aprendizagem na Educação Profissional (Senai),12,1
Analisando dados estatísticos,ongoing,Pós-Graduação lato sensu em Processos Inovadores de Ensino e Aprendizagem na Educação Básica (Sesi),12,1
Analisando dados estatísticos,ongoing,Pós-Graduação lato sensu em Processos Inovadores de ensino e aprendizagem na Educação Profissional (Senai),12,1
Avaliações internas e externas na educação,pending,Extensão em Negócios e Inovação,12,1
Layout industrial inteligente,cancelled,Pós-Graduação lato sensu em Processos Inovadores de ensino e aprendizagem na Educação Profissional (Senai),12,1
Fundamentos da pedagogia,cancelled,Pós-Graduação lato sensu em Processos Inovadores de Ensino e Aprendizagem na Educação Básica (Sesi),12,1
"Ética e Responsabilidade Social ",ongoing,Pós-Graduação lato sensu em Processos Inovadores de ensino e aprendizagem na Educação Profissional (Senai),12,1
Tecnologias Digitais e a escola do futuro,cancelled,Pós-Graduação em Gestão Educacional e Novas Tecnologias,12,1
Todos conectados: redes de computadores,ongoing,Pós-Graduação lato sensu em Processos Inovadores de Ensino e Aprendizagem na Educação Básica (Sesi),12,1
Sistemas operacionais para leigos,ongoing,Pós-Graduação lato sensu em Processos Inovadores de ensino e aprendizagem na Educação Profissional (Senai),12,1
Sistemas operacionais para leigos,cancelled,Pós-Graduação lato sensu em Processos Inovadores de Ensino e Aprendizagem na Educação Básica (Sesi),12,1
Inovar para o sucesso!,pending,Pós-Graduação lato sensu em Processos Inovadores de ensino e aprendizagem na Educação Profissional (Senai),12,1
Interligando redes de computadores,cancelled,Extensão em Negócios e Inovação,12,1
Interligando redes de computadores,pending,Extensão em Negócios e Inovação,12,1
O que é Educação Básica?,cancelled,Extensão em Negócios e Inovação,12,1
O comportamento humano,cancelled,Pós-Graduação lato sensu em Processos Inovadores de ensino e aprendizagem na Educação Profissional (Senai),12,1
O que é Direito Administrativo?,ongoing,Pós-Graduação lato sensu em Processos Inovadores de ensino e aprendizagem na Educação Profissional (Senai),12,1
Aprender brincando: ludicidade e pensamento pedagógico,pending,Pós-Graduação lato sensu em Processos Inovadores de Ensino e Aprendizagem na Educação Básica (Sesi),12,1
O que é Direito Administrativo?,cancelled,Pós-Graduação lato sensu em Processos Inovadores de ensino e aprendizagem na Educação Profissional (Senai),12,1
Como funciona a EJA?,pending,Extensão em Negócios e Inovação,12,1
O que é Direito Administrativo?,ongoing,Pós-Graduação lato sensu em Processos Inovadores de Ensino e Aprendizagem na Educação Básica (Sesi),12,1
Matemática aplicada: Funções e equações,pending,Extensão em Negócios e Inovação,12,1
Competitividade de mercado,pending,Extensão em Negócios e Inovação,12,1
Introdução a Administração Financeira,ongoing,Pós-Graduação lato sensu em Processos Inovadores de ensino e aprendizagem na Educação Profissional (Senai),12,1
Matemática aplicada: conceitos fundamentais,ongoing,Pós-Graduação lato sensu em Processos Inovadores de Ensino e Aprendizagem na Educação Básica (Sesi),12,1
Matemática aplicada: conceitos fundamentais,pending,Extensão em Negócios e Inovação,12,1
Práticas de Mentoring,pending,Extensão em Negócios e Inovação,12,1
Introdução a Sistemas de Informação e Comunicação,ongoing,Pós-Graduação lato sensu em Processos Inovadores de Ensino e Aprendizagem na Educação Básica (Sesi),12,1
Sistemas de transporte de mercadorias,ongoing,Pós-Graduação lato sensu em Processos Inovadores de ensino e aprendizagem na Educação Profissional (Senai),12,1
Sistemas de transporte de mercadorias,pending,Extensão em Negócios e Inovação,12,1
Design thinking para educadores: práticas e soluções para o cotidiano escolar,cancelled,Pós-Graduação em Gestão Educacional e Novas Tecnologias,12,1
Todos conectados: redes de computadores,ongoing,Pós-Graduação lato sensu em Processos Inovadores de ensino e aprendizagem na Educação Profissional (Senai),12,1
Desafios da EJA,cancelled,Pós-Graduação lato sensu em Processos Inovadores de ensino e aprendizagem na Educação Profissional (Senai),12,1
Valorização profissional – Retenção de profissionais,pending,Extensão em Negócios e Inovação,12,1
Juros e Empréstimos: a avaliação financeira de um projeto,ongoing,Pós-Graduação lato sensu em Processos Inovadores de ensino e aprendizagem na Educação Profissional (Senai),12,1
Demonstrativos financeiros e contábeis,ongoing,Pós-Graduação lato sensu em Processos Inovadores de ensino e aprendizagem na Educação Profissional (Senai),12,1
O planejamento do ensino: preparando a aula,pending,Extensão em Negócios e Inovação,12,1
Layout industrial inteligente,pending,Extensão em Negócios e Inovação,12,1
Conhecendo a estatística,ongoing,Pós-Graduação lato sensu em Processos Inovadores de Ensino e Aprendizagem na Educação Básica (Sesi),12,1
Concepções pedagógicas da avaliação,cancelled,Pós-Graduação lato sensu em Processos Inovadores de ensino e aprendizagem na Educação Profissional (Senai),12,1
Criando projeto de estágio para educação infantil,cancelled,Extensão em Negócios e Inovação,12,1
Gestão contábil e financeira,cancelled,Pós-Graduação em Gestão Educacional e Novas Tecnologias,11,1
Introdução a Administração Financeira,ongoing,Pós-Graduação em Controladoria e Finanças,11,1
Crescendo de forma Sustentável,ongoing,Pós-Graduação em Liderança para Transformação Digital 4.0,11,1
Planejar para empreender! Plano de negócios e Modelo de negócios,cancelled,Pós-Graduação em Liderança para Transformação Digital 4.0,11,1
Características e inteligências do líder na transformação digital,cancelled,Pós-Graduação em Liderança para Transformação Digital 4.0,11,1
Entendendo as relações trabalhistas,cancelled,Pós-Graduação em Gestão Educacional e Novas Tecnologias,11,1
Matemática Financeira: Análise financeira de Juros,cancelled,Extensão em Negócios e Inovação,11,1
Organizações que mudam e evoluem,ongoing,Pós-Graduação em Controladoria e Finanças,11,1
Organizações digitais e Oportunidades exponenciais,ongoing,Pós-Graduação em Controladoria e Finanças,11,1
Entendendo Banco de Dados,ongoing,Pós-Graduação em Controladoria e Finanças,11,1
Medindo o desempenho em Gestão de Pessoas,pending,Pós-Graduação em Gestão Empresarial,11,1
A experiência do consumidor 4.0,cancelled,Extensão em Negócios e Inovação,11,1
Tecnologias Facilitadoras e exponenciais,cancelled,Pós-Graduação em Liderança para Transformação Digital 4.0,11,1
Tecnologias Facilitadoras e exponenciais,ongoing,Pós-Graduação em Controladoria e Finanças,11,1
Características e inteligências do líder na transformação digital,pending,Pós-Graduação em Gestão Empresarial,11,1
Comportamento organizacional,ongoing,Pós-Graduação em Controladoria e Finanças,11,1
Gestão contábil e financeira,ongoing,Pós-Graduação em Controladoria e Finanças,11,1
Entendendo Banco de Dados,cancelled,Pós-Graduação em Gestão Educacional e Novas Tecnologias,11,1
Demonstrativos financeiros e contábeis,ongoing,Pós-Graduação em Controladoria e Finanças,11,1
Gestão estratégica da tecnologia da informação,ongoing,Pós-Graduação em Controladoria e Finanças,11,1
Gestão de Stakeholders: fechando grandes parcerias,ongoing,Pós-Graduação em Controladoria e Finanças,11,1
Planejamento Orçamentário: um foco no planejamento estratégico,ongoing,Pós-Graduação em Gestão Empresarial,10,1
Mãos na massa! – Ferramentas para Criatividade e Inovação,pending,Pós-Graduação em Gestão Empresarial,10,1
Análise das Demonstrações Financeiras como foco no lucro,concluded,Pós-Graduação em Gestão Empresarial,10,1
Valorização profissional – Retenção de profissionais,ongoing,Curso teste Unique,10,1
Planejamento Tributário: uma forma legal de aumentar o lucro,ongoing,Pós-Graduação em Gestão Empresarial,10,1
Inovar para o sucesso!,ongoing,Curso teste Unique,10,1
Medindo o desempenho em Gestão de Pessoas,ongoing,Curso teste Unique,10,1
Mãos na massa! – Ferramentas para Criatividade e Inovação,ongoing,Curso teste Unique,10,1
Planejar para empreender! Plano de negócios e Modelo de negócios,ongoing,Curso teste Unique,10,1
Crescendo de forma Sustentável,ongoing,Curso teste Unique,10,1
Por dentro da tributação,ongoing,Pós-Graduação em Gestão Empresarial,10,1
Propriedade intelectual,ongoing,Pós-Graduação em Gestão Empresarial,10,1
Inovar para o sucesso!,pending,Pós-Graduação em Gestão Empresarial,10,1
"Vamos entender o mercado! - Introdução ao Marketing ",concluded,Pós-Graduação em Gestão Empresarial,10,1
Gestão escolar: espaço para a participação,cancelled,Pós-Graduação em Gestão Educacional e Novas Tecnologias,10,1
Planejamento Estratégico e Cultura Organizacional,ongoing,Pós-Graduação em Gestão Empresarial,10,1
"Gestão de Projetos Educacionais ",cancelled,Pós-Graduação em Controladoria e Finanças,10,1
Planejar para empreender! Plano de negócios e Modelo de negócios,ongoing,Pós-Graduação em Gestão Empresarial,10,1
Competitividade de mercado,pending,Pós-Graduação em Gestão Empresarial,10,1
Matemática financeira,ongoing,Curso teste Unique,10,1
A formação de líderes,concluded,Pós-Graduação em Gestão Empresarial,10,1
A magia da negociação,ongoing,Curso teste Unique,10,1
A magia da negociação,concluded,Pós-Graduação em Gestão Empresarial,10,1
Metodologias ativas em que o aluno é protagonista do aprendizado,cancelled,Pós-Graduação em Gestão Educacional e Novas Tecnologias,10,1
A avaliação educacional é uma tarefa didática,concluded,Pós-Graduação em Gestão Empresarial,10,1
A magia da negociação,approved,Curso teste Unique,10,1
A interação homem-máquina,concluded,Pós-Graduação em Gestão Empresarial,10,1
A experiência do consumidor 4.0,concluded,Pós-Graduação em Gestão Empresarial,10,1
Por dentro das relações sindicais,ongoing,Pós-Graduação em Gestão Empresarial,10,1
Gerenciamento de portfólio: Escritório de Projetos,pending,Pós-Graduação em Gestão Empresarial,10,1
A avaliação educacional é uma tarefa didática,cancelled,Pós-Graduação em Gestão Educacional e Novas Tecnologias,10,1
Gestão estratégica da tecnologia da informação,ongoing,Curso teste Unique,10,1
O líder desenvolvendo equipes,ongoing,Curso teste Unique,10,1
Planejamento Estratégico: diminuir riscos e promover o crescimento,ongoing,Pós-Graduação em Gestão Empresarial,10,1
Games educativos: o jogo de aprender,cancelled,Pós-Graduação em Gestão Educacional e Novas Tecnologias,10,1
Inovar para o sucesso!,ongoing,Pós-Graduação em Liderança para Transformação Digital 4.0,10,1
"Vamos entender o mercado! - Introdução ao Marketing ",ongoing,Pós-Graduação em Liderança para Transformação Digital 4.0,9,1
A experiência do consumidor 4.0,cancelled,Pós-Graduação em Gerenciamento de Projetos,9,1
A interação homem-máquina,cancelled,Pós-Graduação em Gerenciamento de Projetos,9,1
A magia da negociação,ongoing,Pós-Graduação em Gestão da Inovação,9,1
A sustentabilidade na era digital,cancelled,Pós-Graduação em Gestão Empresarial,9,1
A sustentabilidade na era digital,pending,Pós-Graduação em Gestão Empresarial,9,1
Captação e monetização para inovação,cancelled,Pós-Graduação em Liderança para Transformação Digital 4.0,9,1
Características e inteligências do líder na transformação digital,cancelled,Pós-Graduação em Gestão Empresarial,9,1
Competitividade de mercado,ongoing,Pós-Graduação em Gestão da Inovação,9,1
Competitividade de mercado,cancelled,Pós-Graduação em Liderança para Transformação Digital 4.0,9,1
Comportamento organizacional,ongoing,Pós-Graduação em Gestão da Inovação,9,1
Comportamento organizacional,cancelled,Pós-Graduação em Gestão Estratégica de Pessoas,9,1
Demonstrativos financeiros e contábeis,ongoing,Pós-Graduação em Gestão da Inovação,9,1
Demonstrativos financeiros e contábeis,ongoing,Pós-Graduação em Gestão Estratégica de Pessoas,9,1
Design thinking para educadores: práticas e soluções para o cotidiano escolar,cancelled,Pós-Graduação em Gestão Empresarial,9,1
Economia Empresarial ampliando a visão de negócios,pending,Pós-Graduação em Gestão Empresarial,9,1
Entendendo as relações trabalhistas,ongoing,Pós-Graduação em Gestão da Inovação,9,1
Entendendo as relações trabalhistas,cancelled,Pós-Graduação em Gestão Empresarial,9,1
Entendendo as relações trabalhistas,pending,Pós-Graduação em Gestão Empresarial,9,1
Entendendo Banco de Dados,cancelled,Pós-Graduação em Liderança para Transformação Digital 4.0,9,1
"Ética e Responsabilidade Social ",cancelled,Pós-Graduação em Gestão Empresarial,9,1
"Ética e Responsabilidade Social ",ongoing,Pós-Graduação em Liderança para Transformação Digital 4.0,9,1
Games educativos: o jogo de aprender,cancelled,Extensão em Negócios e Inovação,9,1
Games educativos: o jogo de aprender,ongoing,Pós-Graduação em Liderança para Transformação Digital 4.0,9,1
Gerenciamento de portfólio: Escritório de Projetos,cancelled,Pós-Graduação em Gestão Empresarial,9,1
"Gestão Ágil, Modular e Flexível",cancelled,Pós-Graduação em Gerenciamento de Projetos,9,1
"Gestão Ágil, Modular e Flexível",ongoing,Pós-Graduação em Gerenciamento de Projetos,9,1
"Gestão Ágil, Modular e Flexível",ongoing,Pós-Graduação em Gestão da Inovação,9,1
Gestão contábil e financeira,ongoing,Pós-Graduação em Gestão da Inovação,9,1
Gestão contábil e financeira,cancelled,Pós-Graduação em Gestão Empresarial,9,1
Gestão contábil e financeira,ongoing,Pós-Graduação em Gestão Estratégica de Pessoas,9,1
Gestão contábil e financeira,cancelled,Pós-Graduação em Liderança para Transformação Digital 4.0,9,1
"Gestão de Projetos Educacionais ",ongoing,Pós-Graduação em Controladoria e Finanças,9,1
Gestão de Stakeholders: fechando grandes parcerias,ongoing,Pós-Graduação em Gestão da Inovação,9,1
Gestão do conhecimento,cancelled,Pós-Graduação em Gerenciamento de Projetos,9,1
Gestão do conhecimento,ongoing,Pós-Graduação em Gerenciamento de Projetos,9,1
Gestão do conhecimento,cancelled,Pós-Graduação em Gestão Empresarial,9,1
Gestão escolar: espaço para a participação,cancelled,Pós-Graduação em Liderança para Transformação Digital 4.0,9,1
Gestão escolar: espaço para a participação,ongoing,Pós-Graduação em Liderança para Transformação Digital 4.0,9,1
Gestão estratégica da tecnologia da informação,ongoing,Pós-Graduação em Gerenciamento de Projetos,9,1
Gestão estratégica da tecnologia da informação,cancelled,Pós-Graduação em Gestão Empresarial,9,1
Gestão estratégica da tecnologia da informação,ongoing,Pós-Graduação em Gestão Estratégica de Pessoas,9,1
Gestão estratégica da tecnologia da informação,cancelled,Pós-Graduação em Liderança para Transformação Digital 4.0,9,1
Impulsionando a captação de dinheiro para novos negócios,ongoing,Pós-Graduação em Gestão da Inovação,9,1
Impulsionando a captação de dinheiro para novos negócios,cancelled,Pós-Graduação em Gestão Empresarial,9,1
Impulsionando a captação de dinheiro para novos negócios,pending,Pós-Graduação em Gestão Empresarial,9,1
Indicadores financeiros básicos,ongoing,Pós-Graduação em Gestão da Inovação,9,1
Indicadores financeiros básicos,cancelled,Pós-Graduação em Gestão Estratégica de Pessoas,9,1
Indicadores financeiros básicos,ongoing,Pós-Graduação em Gestão Estratégica de Pessoas,9,1
Indicadores financeiros básicos,cancelled,Pós-Graduação em Liderança para Transformação Digital 4.0,9,1
Inovar para o sucesso!,ongoing,Pós-Graduação em Gestão da Inovação,9,1
Inovar para o sucesso!,cancelled,Pós-Graduação em Gestão Estratégica de Pessoas,9,1
Inovar para o sucesso!,ongoing,Pós-Graduação em Gestão Estratégica de Pessoas,9,1
Introdução a Administração Financeira,ongoing,Pós-Graduação em Gestão da Inovação,9,1
Introdução a Administração Financeira,cancelled,Pós-Graduação em Gestão Empresarial,9,1
Introdução a Administração Financeira,cancelled,Pós-Graduação em Liderança para Transformação Digital 4.0,9,1
Introdução a Sistemas de Informação e Comunicação,ongoing,Pós-Graduação em Gerenciamento de Projetos,9,1
Introdução a Sistemas de Informação e Comunicação,cancelled,Pós-Graduação em Gestão Empresarial,9,1
Introdução a Sistemas de Informação e Comunicação,ongoing,Pós-Graduação em Gestão Estratégica de Pessoas,9,1
Juros e Empréstimos: a avaliação financeira de um projeto,ongoing,Pós-Graduação em Gestão da Inovação,9,1
Juros e Empréstimos: a avaliação financeira de um projeto,cancelled,Pós-Graduação em Gestão Educacional e Novas Tecnologias,9,1
Juros e Empréstimos: a avaliação financeira de um projeto,cancelled,Pós-Graduação em Gestão Empresarial,9,1
Layout industrial inteligente,ongoing,Pós-Graduação em Gestão da Inovação,9,1
Layout industrial inteligente,cancelled,Pós-Graduação em Gestão Empresarial,9,1
Layout industrial inteligente,cancelled,Pós-Graduação em Gestão Estratégica de Pessoas,9,1
Layout industrial inteligente,ongoing,Pós-Graduação em Gestão Estratégica de Pessoas,9,1
Logística e a movimentação de materiais,ongoing,Pós-Graduação em Gestão da Inovação,9,1
Logística e a movimentação de materiais,cancelled,Pós-Graduação em Gestão Educacional e Novas Tecnologias,9,1
Logística e a movimentação de materiais,cancelled,Pós-Graduação em Gestão Empresarial,9,1
Mãos na massa! – Ferramentas para Criatividade e Inovação,cancelled,Pós-Graduação em Gerenciamento de Projetos,9,1
Mãos na massa! – Ferramentas para Criatividade e Inovação,ongoing,Pós-Graduação em Gerenciamento de Projetos,9,1
Matemática Financeira: Análise financeira de Juros,cancelled,Pós-Graduação em Gestão Empresarial,9,1
Medindo o desempenho em Gestão de Pessoas,ongoing,Pós-Graduação em Gestão da Inovação,9,1
Medindo o desempenho em Gestão de Pessoas,ongoing,Pós-Graduação em Liderança para Transformação Digital 4.0,9,1
Metodologias ativas em que o aluno é protagonista do aprendizado,cancelled,Extensão em Negócios e Inovação,9,1
Metodologias ativas em que o aluno é protagonista do aprendizado,ongoing,Pós-Graduação em Controladoria e Finanças,9,1
Metodologias ativas em que o aluno é protagonista do aprendizado,pending,Pós-Graduação em Gestão Empresarial,9,1
Montando uma seleção excelente de profissionais,ongoing,Pós-Graduação em Gestão da Inovação,9,1
Montando uma seleção excelente de profissionais,cancelled,Pós-Graduação em Gestão Estratégica de Pessoas,9,1
Montando uma seleção excelente de profissionais,cancelled,Pós-Graduação em Liderança para Transformação Digital 4.0,9,1
O ciclo de vida de um projeto: do nascimento ao encerramento,cancelled,Pós-Graduação em Gerenciamento de Projetos,9,1
O ciclo de vida de um projeto: do nascimento ao encerramento,ongoing,Pós-Graduação em Gerenciamento de Projetos,9,1
O ciclo de vida de um projeto: do nascimento ao encerramento,cancelled,Pós-Graduação em Gestão da Inovação,9,1
O líder desenvolvendo equipes,ongoing,Pós-Graduação em Gestão da Inovação,9,1
O líder desenvolvendo equipes,pending,Pós-Graduação em Gestão Empresarial,9,1
Organizações digitais e Oportunidades exponenciais,cancelled,Pós-Graduação em Gerenciamento de Projetos,9,1
Organizações digitais e Oportunidades exponenciais,ongoing,Pós-Graduação em Gerenciamento de Projetos,9,1
Organizações digitais e Oportunidades exponenciais,ongoing,Pós-Graduação em Gestão da Inovação,9,1
Organizações digitais e Oportunidades exponenciais,cancelled,Pós-Graduação em Gestão Empresarial,9,1
Organizações que mudam e evoluem,ongoing,Pós-Graduação em Gestão da Inovação,9,1
Organizações que mudam e evoluem,cancelled,Pós-Graduação em Gestão Empresarial,9,1
Passo a passo da Gestão Estratégica de Vendas,cancelled,Pós-Graduação em Gestão da Inovação,9,1
Passo a passo da Gestão Estratégica de Vendas,cancelled,Pós-Graduação em Gestão Empresarial,9,1
Passo a passo da Gestão Estratégica de Vendas,pending,Pós-Graduação em Gestão Empresarial,9,1
Passo a passo da Gestão Estratégica de Vendas,ongoing,Pós-Graduação em Liderança para Transformação Digital 4.0,9,1
Planejar para empreender! Plano de negócios e Modelo de negócios,ongoing,Pós-Graduação em Gestão da Inovação,9,1
Sem escopo não existe projeto,ongoing,Pós-Graduação em Gerenciamento de Projetos,9,1
Tudo que você precisa saber sobre logística reversa,ongoing,Pós-Graduação em Controladoria e Finanças,9,1
Uma caixa de ferramentas para o gerenciamento de projetos,cancelled,Pós-Graduação em Controladoria e Finanças,9,1
Valorização profissional – Retenção de profissionais,ongoing,Pós-Graduação em Controladoria e Finanças,9,1
Valorização profissional – Retenção de profissionais,ongoing,Pós-Graduação em Gestão da Inovação,9,1
Valorização profissional – Retenção de profissionais,cancelled,Pós-Graduação em Gestão Empresarial,9,1
Valorização profissional – Retenção de profissionais,ongoing,Pós-Graduação em Gestão Estratégica de Pessoas,9,1
"Vamos entender o mercado! - Introdução ao Marketing ",ongoing,Pós-Graduação em Controladoria e Finanças,9,1
"Vamos entender o mercado! - Introdução ao Marketing ",ongoing,Pós-Graduação em Gestão da Inovação,9,1
"Gestão de Projetos Educacionais ",ongoing,Pós-Graduação em Gestão Educacional e Novas Tecnologias,8,1
Tecnologias Digitais e a escola do futuro,ongoing,Pós-Graduação em Gestão Educacional e Novas Tecnologias,8,1
Metodologias ativas em que o aluno é protagonista do aprendizado,ongoing,Pós-Graduação em Gestão Educacional e Novas Tecnologias,8,1
Educação 4.0: O que devemos esperar,ongoing,Pós-Graduação em Gestão Educacional e Novas Tecnologias,8,1
Design thinking para educadores: práticas e soluções para o cotidiano escolar,ongoing,Pós-Graduação em Gestão Educacional e Novas Tecnologias,8,1
A avaliação educacional é uma tarefa didática,cancelled,Extensão em Negócios e Inovação,8,1
Mãos na massa! – Ferramentas para Criatividade e Inovação,cancelled,Pós-Graduação em Gestão Educacional e Novas Tecnologias,8,1
Entendendo as relações trabalhistas,cancelled,Pós-Graduação lato sensu em Processos Inovadores de Ensino e Aprendizagem na Educação Básica (Sesi),6,1
Introdução a Administração Financeira,pending,Extensão em Negócios e Inovação,6,1
Entendendo as relações trabalhistas,pending,Extensão em Negócios e Inovação,6,1
Interligando redes de computadores,pending,Pós-Graduação lato sensu em Processos Inovadores de ensino e aprendizagem na Educação Profissional (Senai),6,1
Concepções pedagógicas da avaliação,pending,Pós-Graduação lato sensu em Processos Inovadores de Ensino e Aprendizagem na Educação Básica (Sesi),6,1
Layout industrial inteligente,pending,Pós-Graduação lato sensu em Processos Inovadores de ensino e aprendizagem na Educação Profissional (Senai),6,1
Práticas de Mentoring,ongoing,Pós-Graduação lato sensu em Processos Inovadores de Ensino e Aprendizagem na Educação Básica (Sesi),6,1
Práticas de Mentoring,pending,Pós-Graduação lato sensu em Processos Inovadores de Ensino e Aprendizagem na Educação Básica (Sesi),6,1
Educação 4.0: O que devemos esperar,cancelled,Pós-Graduação em Gestão Educacional e Novas Tecnologias,6,1
Indicadores financeiros básicos,ongoing,Pós-Graduação em Liderança para Transformação Digital 4.0,6,1
Seja um coach,pending,Extensão em Negócios e Inovação,6,1
Conhecendo a estatística,cancelled,Pós-Graduação lato sensu em Processos Inovadores de ensino e aprendizagem na Educação Profissional (Senai),6,1
Contabilidade Para Não Contadores,cancelled,Pós-Graduação lato sensu em Processos Inovadores de Ensino e Aprendizagem na Educação Básica (Sesi),6,1
Refletindo sobre o nosso papel - como a filosofia nos ajuda a entender a sociedade,cancelled,Pós-Graduação lato sensu em Processos Inovadores de ensino e aprendizagem na Educação Profissional (Senai),6,1
Desafios da EJA,cancelled,Pós-Graduação lato sensu em Processos Inovadores de Ensino e Aprendizagem na Educação Básica (Sesi),6,1
Criando projeto de estágio para educação infantil,cancelled,Pós-Graduação lato sensu em Processos Inovadores de Ensino e Aprendizagem na Educação Básica (Sesi),6,1
O planejamento do ensino: preparando a aula,pending,Pós-Graduação lato sensu em Processos Inovadores de Ensino e Aprendizagem na Educação Básica (Sesi),6,1
Montando uma seleção excelente de profissionais,cancelled,Pós-Graduação lato sensu em Processos Inovadores de ensino e aprendizagem na Educação Profissional (Senai),6,1
Montando uma seleção excelente de profissionais,cancelled,Pós-Graduação lato sensu em Processos Inovadores de Ensino e Aprendizagem na Educação Básica (Sesi),6,1
Matemática aplicada: Funções e equações,cancelled,Pós-Graduação lato sensu em Processos Inovadores de ensino e aprendizagem na Educação Profissional (Senai),6,1
A interação homem-máquina,cancelled,Pós-Graduação em Gestão Educacional e Novas Tecnologias,6,1
A magia da negociação,ongoing,Pós-Graduação em Liderança para Transformação Digital 4.0,6,1
O que é Educação Infantil?,pending,Pós-Graduação lato sensu em Processos Inovadores de Ensino e Aprendizagem na Educação Básica (Sesi),6,1
Juros e Empréstimos: a avaliação financeira de um projeto,ongoing,Pós-Graduação em Liderança para Transformação Digital 4.0,6,1
Gestão Financeira na Educação,cancelled,Pós-Graduação em Gestão Educacional e Novas Tecnologias,6,1
A magia da negociação,ongoing,Pós-Graduação lato sensu em Processos Inovadores de Ensino e Aprendizagem na Educação Básica (Sesi),6,1
O que um gestor precisa saber sobre didática,pending,Extensão em Negócios e Inovação,6,1
Tudo que você precisa saber sobre logística reversa,cancelled,Pós-Graduação lato sensu em Processos Inovadores de ensino e aprendizagem na Educação Profissional (Senai),6,1
Gestão estratégica da tecnologia da informação,pending,Pós-Graduação lato sensu em Processos Inovadores de ensino e aprendizagem na Educação Profissional (Senai),6,1
Gestão estratégica da tecnologia da informação,cancelled,Pós-Graduação lato sensu em Processos Inovadores de ensino e aprendizagem na Educação Profissional (Senai),6,1
Gestão estratégica da tecnologia da informação,ongoing,Pós-Graduação lato sensu em Processos Inovadores de Ensino e Aprendizagem na Educação Básica (Sesi),6,1
Gestão estratégica da tecnologia da informação,cancelled,Pós-Graduação lato sensu em Processos Inovadores de Ensino e Aprendizagem na Educação Básica (Sesi),6,1
Introdução a Sistemas de Informação e Comunicação,ongoing,Pós-Graduação lato sensu em Processos Inovadores de ensino e aprendizagem na Educação Profissional (Senai),6,1
A magia da negociação,cancelled,Pós-Graduação lato sensu em Processos Inovadores de ensino e aprendizagem na Educação Profissional (Senai),6,1
Analisando dados estatísticos,pending,Extensão em Negócios e Inovação,6,1
Gestão do conhecimento,cancelled,Pós-Graduação em Gestão Educacional e Novas Tecnologias,6,1
O que você precisa saber sobre Linguagem SQL,pending,Pós-Graduação lato sensu em Processos Inovadores de Ensino e Aprendizagem na Educação Básica (Sesi),6,1
"Gestão de Projetos Educacionais ",ongoing,Extensão em Negócios e Inovação,6,1
Introdução a Sistemas de Informação e Comunicação,cancelled,Pós-Graduação lato sensu em Processos Inovadores de ensino e aprendizagem na Educação Profissional (Senai),6,1
Tudo que você precisa saber sobre logística reversa,pending,Extensão em Negócios e Inovação,6,1
A sustentabilidade na era digital,cancelled,Pós-Graduação em Gestão Educacional e Novas Tecnologias,6,1
A interação homem-máquina,cancelled,Pós-Graduação em Controladoria e Finanças,6,1
O que é conhecimento?,pending,Extensão em Negócios e Inovação,6,1
Matemática aplicada: conceitos fundamentais,cancelled,Pós-Graduação lato sensu em Processos Inovadores de Ensino e Aprendizagem na Educação Básica (Sesi),6,1
Até onde vai o impacto da inovação na educação,pending,Extensão em Negócios e Inovação,6,1
Todos conectados: redes de computadores,pending,Extensão em Negócios e Inovação,6,1
Gestão de Compras,cancelled,Pós-Graduação lato sensu em Processos Inovadores de ensino e aprendizagem na Educação Profissional (Senai),6,1
Gestão da Qualidade de Softwares,ongoing,Pós-Graduação lato sensu em Processos Inovadores de ensino e aprendizagem na Educação Profissional (Senai),6,1
Matemática aplicada: Funções e equações,ongoing,Pós-Graduação lato sensu em Processos Inovadores de Ensino e Aprendizagem na Educação Básica (Sesi),6,1
A Gestão de Pessoas Contemporânea,pending,Pós-Graduação lato sensu em Processos Inovadores de Ensino e Aprendizagem na Educação Básica (Sesi),6,1
O que é conhecimento?,cancelled,Pós-Graduação lato sensu em Processos Inovadores de ensino e aprendizagem na Educação Profissional (Senai),6,1
Até onde vai o impacto da inovação na educação,pending,Pós-Graduação lato sensu em Processos Inovadores de Ensino e Aprendizagem na Educação Básica (Sesi),6,1
Gestão contábil e financeira,ongoing,Pós-Graduação lato sensu em Processos Inovadores de ensino e aprendizagem na Educação Profissional (Senai),6,1
Gestão contábil e financeira,ongoing,Pós-Graduação em Liderança para Transformação Digital 4.0,6,1
Introdução a Sistemas de Informação e Comunicação,pending,Extensão em Negócios e Inovação,6,1
Introdução a Administração Financeira,ongoing,Pós-Graduação lato sensu em Processos Inovadores de Ensino e Aprendizagem na Educação Básica (Sesi),6,1
Os desafios da prática pedagógica no ensino da língua escrita,pending,Pós-Graduação lato sensu em Processos Inovadores de Ensino e Aprendizagem na Educação Básica (Sesi),6,1
Avaliações internas e externas na educação,pending,Pós-Graduação lato sensu em Processos Inovadores de Ensino e Aprendizagem na Educação Básica (Sesi),6,1
Tipos e modelos de organizações,cancelled,Pós-Graduação lato sensu em Processos Inovadores de ensino e aprendizagem na Educação Profissional (Senai),6,1
Tipos e modelos de organizações,ongoing,Pós-Graduação lato sensu em Processos Inovadores de Ensino e Aprendizagem na Educação Básica (Sesi),6,1
Paradigmas pedagógicos,cancelled,Pós-Graduação lato sensu em Processos Inovadores de Ensino e Aprendizagem na Educação Básica (Sesi),6,1
Paradigmas pedagógicos,pending,Pós-Graduação lato sensu em Processos Inovadores de Ensino e Aprendizagem na Educação Básica (Sesi),6,1
Paradigmas pedagógicos,cancelled,Pós-Graduação lato sensu em Processos Inovadores de ensino e aprendizagem na Educação Profissional (Senai),6,1
Introdução a Administração Financeira,ongoing,Pós-Graduação em Liderança para Transformação Digital 4.0,6,1
Características e inteligências do líder na transformação digital,cancelled,Pós-Graduação em Gestão Educacional e Novas Tecnologias,6,1
A avaliação educacional é uma tarefa didática,ongoing,Pós-Graduação em Gestão Educacional e Novas Tecnologias,6,1
O que é Direito Administrativo?,pending,Extensão em Negócios e Inovação,6,1
Cidadão consciente promove o desenvolvimento,pending,Pós-Graduação lato sensu em Processos Inovadores de Ensino e Aprendizagem na Educação Básica (Sesi),6,1
Como aprendemos: Teorias de Aprendizagem,pending,Extensão em Negócios e Inovação,6,1
O que é Direito Administrativo?,cancelled,Pós-Graduação lato sensu em Processos Inovadores de Ensino e Aprendizagem na Educação Básica (Sesi),6,1
Como aprendemos: Teorias de Aprendizagem,cancelled,Pós-Graduação lato sensu em Processos Inovadores de ensino e aprendizagem na Educação Profissional (Senai),6,1
Como é a sociedade brasileira?,pending,Extensão em Negócios e Inovação,6,1
Como é a sociedade brasileira?,cancelled,Pós-Graduação lato sensu em Processos Inovadores de Ensino e Aprendizagem na Educação Básica (Sesi),6,1
Fundamentos da pedagogia,pending,Pós-Graduação lato sensu em Processos Inovadores de Ensino e Aprendizagem na Educação Básica (Sesi),6,1
Fundamentos da pedagogia,pending,Extensão em Negócios e Inovação,6,1
"Ética e Responsabilidade Social ",cancelled,Pós-Graduação lato sensu em Processos Inovadores de Ensino e Aprendizagem na Educação Básica (Sesi),6,1
Medindo o desempenho em Gestão de Pessoas,cancelled,Pós-Graduação lato sensu em Processos Inovadores de Ensino e Aprendizagem na Educação Básica (Sesi),6,1
Planejar para empreender! Plano de negócios e Modelo de negócios,pending,Extensão em Negócios e Inovação,6,1
Sistemas operacionais para leigos,pending,Extensão em Negócios e Inovação,6,1
Competitividade de mercado,pending,Pós-Graduação lato sensu em Processos Inovadores de Ensino e Aprendizagem na Educação Básica (Sesi),6,1
Como é o planejamento pedagógico?,pending,Pós-Graduação lato sensu em Processos Inovadores de Ensino e Aprendizagem na Educação Básica (Sesi),6,1
Comportamento organizacional,pending,Pós-Graduação em Gestão Empresarial,6,1
Compras na Administração Pública,ongoing,Pós-Graduação lato sensu em Processos Inovadores de ensino e aprendizagem na Educação Profissional (Senai),6,1
"Conceitos de linguagem e comunicação: fala, escrita e técnicas de leitura",pending,Pós-Graduação lato sensu em Processos Inovadores de ensino e aprendizagem na Educação Profissional (Senai),6,1
Entendendo Banco de Dados,ongoing,Pós-Graduação lato sensu em Processos Inovadores de Ensino e Aprendizagem na Educação Básica (Sesi),6,1
Planejar para empreender! Plano de negócios e Modelo de negócios,cancelled,Pós-Graduação lato sensu em Processos Inovadores de Ensino e Aprendizagem na Educação Básica (Sesi),6,1
Montando uma seleção excelente de profissionais,pending,Pós-Graduação lato sensu em Processos Inovadores de ensino e aprendizagem na Educação Profissional (Senai),6,1
Captação e monetização para inovação,ongoing,Pós-Graduação em Controladoria e Finanças,4,1
Mãos na massa! – Ferramentas para Criatividade e Inovação,ongoing,Pós-Graduação em Controladoria e Finanças,4,1
Introdução a Sistemas de Informação e Comunicação,ongoing,Pós-Graduação em Liderança para Transformação Digital 4.0,4,1
Introdução a Sistemas de Informação e Comunicação,cancelled,Pós-Graduação em Gestão Educacional e Novas Tecnologias,4,1
Inovar para o sucesso!,ongoing,Pós-Graduação em Gestão Educacional e Novas Tecnologias,4,1
Indicadores financeiros básicos,ongoing,Pós-Graduação em Gerenciamento de Projetos,4,1
Gestão por competências como modelo de gestão estratégica,pending,Pós-Graduação em Gestão Empresarial,4,1
Gestão Financeira na Educação,ongoing,Pós-Graduação em Gestão Educacional e Novas Tecnologias,4,1
Gestão escolar: espaço para a participação,ongoing,Pós-Graduação em Gestão Educacional e Novas Tecnologias,4,1
"Gestão de Projetos Educacionais ",cancelled,Extensão em Negócios e Inovação,4,1
A interação homem-máquina,cancelled,Extensão em Negócios e Inovação,4,1
Organizações digitais e Oportunidades exponenciais,pending,Pós-Graduação em Gestão Empresarial,4,1
Organizações que mudam e evoluem,ongoing,Pós-Graduação em Gerenciamento de Projetos,4,1
Organizações que mudam e evoluem,cancelled,Pós-Graduação em Gestão Educacional e Novas Tecnologias,4,1
Gestão contábil e financeira,ongoing,Pós-Graduação em Gerenciamento de Projetos,4,1
"Gestão Ágil, Modular e Flexível",ongoing,Pós-Graduação em Liderança para Transformação Digital 4.0,4,1
Gerenciamento de portfólio: Escritório de Projetos,cancelled,Extensão em Negócios e Inovação,4,1
Valorização profissional – Retenção de profissionais,ongoing,Pós-Graduação em Gerenciamento de Projetos,4,1
Games educativos: o jogo de aprender,ongoing,Pós-Graduação em Gestão Educacional e Novas Tecnologias,4,1
"Ética e Responsabilidade Social ",ongoing,Pós-Graduação em Gerenciamento de Projetos,4,1
Entendendo Banco de Dados,pending,Pós-Graduação em Gestão Empresarial,4,1
Entendendo as relações trabalhistas,ongoing,Pós-Graduação em Gerenciamento de Projetos,4,1
Empreendedorismo: explorando o Universo,cancelled,Pós-Graduação em Liderança para Transformação Digital 4.0,4,1
Educação 4.0: O que devemos esperar,pending,Pós-Graduação em Gestão Empresarial,4,1
Educação 4.0: O que devemos esperar,cancelled,Pós-Graduação em Controladoria e Finanças,4,1
Economia Empresarial ampliando a visão de negócios,ongoing,Pós-Graduação em Controladoria e Finanças,4,1
Sem escopo não existe projeto,cancelled,Pós-Graduação em Gerenciamento de Projetos,4,1
Valorização profissional – Retenção de profissionais,pending,Pós-Graduação em Gestão Empresarial,4,1
Comportamento organizacional,ongoing,Pós-Graduação em Gerenciamento de Projetos,4,1
Competitividade de mercado,ongoing,Pós-Graduação em Controladoria e Finanças,4,1
Uma caixa de ferramentas para o gerenciamento de projetos,ongoing,Pós-Graduação em Gestão Educacional e Novas Tecnologias,4,1
Medindo o desempenho em Gestão de Pessoas,ongoing,Pós-Graduação em Gerenciamento de Projetos,4,1
Matemática Financeira: Análise financeira de Juros,ongoing,Pós-Graduação em Gestão Educacional e Novas Tecnologias,4,1
Mãos na massa! – Ferramentas para Criatividade e Inovação,ongoing,Pós-Graduação em Gestão Educacional e Novas Tecnologias,4,1
O líder desenvolvendo equipes,cancelled,Pós-Graduação em Gerenciamento de Projetos,4,1
O líder desenvolvendo equipes,cancelled,Pós-Graduação em Gestão Educacional e Novas Tecnologias,4,1
Sem escopo não existe projeto,ongoing,Pós-Graduação em Controladoria e Finanças,2,1
Layout industrial inteligente,cancelled,Pós-Graduação em Gestão Educacional e Novas Tecnologias,2,1
Logística e a movimentação de materiais,cancelled,Pós-Graduação em Liderança para Transformação Digital 4.0,2,1
Sem escopo não existe projeto,cancelled,Pós-Graduação em Gestão Educacional e Novas Tecnologias,2,1
"Estratégia para a indústria 4.0 ",cancelled,Pós-Graduação em Liderança para Transformação Digital 4.0,2,1
Logística e a movimentação de materiais,ongoing,Pós-Graduação em Liderança para Transformação Digital 4.0,2,1
"Estratégia para a indústria 4.0 ",ongoing,Pós-Graduação em Liderança para Transformação Digital 4.0,2,1
Competitividade de mercado,ongoing,Pós-Graduação em Liderança para Transformação Digital 4.0,2,1
Mãos na massa! – Ferramentas para Criatividade e Inovação,ongoing,Pós-Graduação em Liderança para Transformação Digital 4.0,2,1
A avaliação educacional é uma tarefa didática,cancelled,Pós-Graduação em Controladoria e Finanças,2,1
"Ética e Responsabilidade Social ",cancelled,Pós-Graduação em Gerenciamento de Projetos,2,1
Games educativos: o jogo de aprender,ongoing,Extensão em Negócios e Inovação,2,1
Games educativos: o jogo de aprender,cancelled,Pós-Graduação em Controladoria e Finanças,2,1
Planejamento Estratégico: diminuir riscos e promover o crescimento,ongoing,Pós-Graduação em Liderança para Transformação Digital 4.0,2,1
Tecnologias Digitais e a escola do futuro,cancelled,Pós-Graduação em Controladoria e Finanças,2,1
Planejamento Estratégico: diminuir riscos e promover o crescimento,ongoing,Pós-Graduação em Controladoria e Finanças,2,1
A experiência do consumidor 4.0,cancelled,Pós-Graduação em Liderança para Transformação Digital 4.0,2,1
"Vamos entender o mercado! - Introdução ao Marketing ",cancelled,Pós-Graduação em Controladoria e Finanças,2,1
Características e inteligências do líder na transformação digital,ongoing,Pós-Graduação em Liderança para Transformação Digital 4.0,2,1
Tecnologias Facilitadoras e exponenciais,pending,Pós-Graduação em Gestão Empresarial,2,1
Games educativos: o jogo de aprender,pending,Pós-Graduação em Gestão Empresarial,2,1
Captação e monetização para inovação,pending,Pós-Graduação em Gestão Empresarial,2,1
Captação e monetização para inovação,cancelled,Pós-Graduação em Gestão Educacional e Novas Tecnologias,2,1
Gerenciamento de portfólio: Escritório de Projetos,cancelled,Pós-Graduação em Controladoria e Finanças,2,1
Gerenciamento de portfólio: Escritório de Projetos,ongoing,Pós-Graduação em Controladoria e Finanças,2,1
"Gestão Ágil, Modular e Flexível",cancelled,Extensão em Negócios e Inovação,2,1
Business Intelligence e Analytics,cancelled,Pós-Graduação em Liderança para Transformação Digital 4.0,2,1
Business Intelligence e Analytics,cancelled,Extensão em Negócios e Inovação,2,1
"Gestão Ágil, Modular e Flexível",pending,Pós-Graduação em Gestão Empresarial,2,1
A experiência do consumidor 4.0,ongoing,Pós-Graduação em Liderança para Transformação Digital 4.0,2,1
Organizações digitais e Oportunidades exponenciais,ongoing,Pós-Graduação em Liderança para Transformação Digital 4.0,2,1
Organizações digitais e Oportunidades exponenciais,cancelled,Pós-Graduação em Liderança para Transformação Digital 4.0,2,1
A sustentabilidade na era digital,ongoing,Pós-Graduação em Liderança para Transformação Digital 4.0,2,1
A sustentabilidade na era digital,cancelled,Pós-Graduação em Liderança para Transformação Digital 4.0,2,1
Um olhar para o futuro com as Tendências e os Cenários Econômicos,cancelled,Pós-Graduação em Gestão Educacional e Novas Tecnologias,2,1
Um olhar para o futuro com as Tendências e os Cenários Econômicos,ongoing,Pós-Graduação em Controladoria e Finanças,2,1
A experiência do consumidor 4.0,cancelled,Pós-Graduação em Controladoria e Finanças,2,1
A sustentabilidade na era digital,ongoing,Pós-Graduação em Controladoria e Finanças,2,1
Gestão escolar: espaço para a participação,ongoing,Extensão em Negócios e Inovação,2,1
Tudo que você precisa saber sobre logística reversa,pending,Pós-Graduação em Gestão Empresarial,2,1
Tudo que você precisa saber sobre logística reversa,cancelled,Pós-Graduação em Liderança para Transformação Digital 4.0,2,1
Tudo que você precisa saber sobre logística reversa,ongoing,Pós-Graduação em Liderança para Transformação Digital 4.0,2,1
Gestão escolar: espaço para a participação,cancelled,Pós-Graduação em Controladoria e Finanças,2,1
Gestão Financeira na Educação,cancelled,Extensão em Negócios e Inovação,2,1
Gestão Financeira na Educação,ongoing,Extensão em Negócios e Inovação,2,1
Uma caixa de ferramentas para o gerenciamento de projetos,cancelled,Extensão em Negócios e Inovação,2,1
Gestão Financeira na Educação,cancelled,Pós-Graduação em Controladoria e Finanças,2,1
Gestão por competências como modelo de gestão estratégica,ongoing,Pós-Graduação em Controladoria e Finanças,2,1
Gestão por competências como modelo de gestão estratégica,ongoing,Pós-Graduação em Gestão Educacional e Novas Tecnologias,2,1
Gestão por competências como modelo de gestão estratégica,cancelled,Pós-Graduação em Liderança para Transformação Digital 4.0,2,1
Impulsionando a captação de dinheiro para novos negócios,cancelled,Extensão em Negócios e Inovação,2,1
Indicadores financeiros básicos,pending,Pós-Graduação em Gestão Empresarial,2,1
Introdução a Administração Financeira,ongoing,Pós-Graduação em Gestão Educacional e Novas Tecnologias,2,1
O ciclo de vida de um projeto: do nascimento ao encerramento,ongoing,Extensão em Negócios e Inovação,2,1
O ciclo de vida de um projeto: do nascimento ao encerramento,ongoing,Pós-Graduação em Controladoria e Finanças,2,1
Uma caixa de ferramentas para o gerenciamento de projetos,cancelled,Pós-Graduação em Gestão Educacional e Novas Tecnologias,2,1
Um olhar para o futuro com as Tendências e os Cenários Econômicos,cancelled,Extensão em Negócios e Inovação,2,1
A interação homem-máquina,ongoing,Pós-Graduação em Controladoria e Finanças,2,1
Metodologias ativas em que o aluno é protagonista do aprendizado,cancelled,Pós-Graduação em Controladoria e Finanças,2,1
O ciclo de vida de um projeto: do nascimento ao encerramento,cancelled,Pós-Graduação em Liderança para Transformação Digital 4.0,2,1
Metodologias ativas em que o aluno é protagonista do aprendizado,ongoing,Extensão em Negócios e Inovação,2,1
Introdução a Administração Financeira,pending,Pós-Graduação em Gestão Empresarial,2,1
O líder desenvolvendo equipes,ongoing,Pós-Graduação em Gestão Educacional e Novas Tecnologias,2,1
Uma caixa de ferramentas para o gerenciamento de projetos,cancelled,Pós-Graduação em Liderança para Transformação Digital 4.0,2,1
Crescendo de forma Sustentável,ongoing,Pós-Graduação em Controladoria e Finanças,2,1
Design thinking para educadores: práticas e soluções para o cotidiano escolar,ongoing,Extensão em Negócios e Inovação,2,1
Crescendo de forma Sustentável,cancelled,Extensão em Negócios e Inovação,2,1
Economia Empresarial ampliando a visão de negócios,cancelled,Extensão em Negócios e Inovação,2,1
Educação 4.0: O que devemos esperar,cancelled,Extensão em Negócios e Inovação,2,1
Educação 4.0: O que devemos esperar,ongoing,Extensão em Negócios e Inovação,2,1
Empreendedorismo: explorando o Universo,pending,Pós-Graduação em Gestão Empresarial,2,1
"Estratégia para a indústria 4.0 ",cancelled,Pós-Graduação em Controladoria e Finanças,2,1
"Estratégia para a indústria 4.0 ",ongoing,Pós-Graduação em Controladoria e Finanças,2,1
Comportamento organizacional,ongoing,Pós-Graduação em Liderança para Transformação Digital 4.0,2,1